Angular_Displacement_Degrees,Relative_Intensity_Percent
-90.0,1.8072289156626509
-90.0,2.008032128514059
-90.0,1.6064257028112428
-90.0,1.4056224899598346
-89.80044345898004,1.8072289156626509
-89.80044345898004,2.008032128514059
-89.80044345898004,1.2048192771084376
-89.80044345898004,1.4056224899598346
-89.60088691796008,1.6064257028112428
-89.60088691796008,1.8072289156626509
-89.60088691796008,2.008032128514059
-89.60088691796008,1.4056224899598346
-89.40133037694014,1.4056224899598346
-89.40133037694014,1.8072289156626509
-89.40133037694014,2.008032128514059
-89.40133037694014,1.6064257028112428
-89.20177383592018,1.4056224899598346
-89.20177383592018,1.8072289156626509
-89.20177383592018,2.008032128514059
-89.20177383592018,1.6064257028112428
-89.00221729490022,2.008032128514059
-89.00221729490022,1.8072289156626509
-89.00221729490022,1.6064257028112428
-89.00221729490022,1.4056224899598346
-88.80266075388026,1.6064257028112428
-88.80266075388026,1.8072289156626509
-88.80266075388026,2.008032128514059
-88.80266075388026,1.4056224899598346
-88.60310421286032,1.6064257028112428
-88.60310421286032,2.008032128514059
-88.60310421286032,1.8072289156626509
-88.60310421286032,1.4056224899598346
-88.60310421286032,2.208835341365467
-88.40354767184036,1.8072289156626509
-88.40354767184036,1.6064257028112428
-88.40354767184036,2.008032128514059
-88.40354767184036,1.4056224899598346
-88.40354767184036,2.208835341365467
-88.2039911308204,1.6064257028112428
-88.2039911308204,2.208835341365467
-88.2039911308204,1.4056224899598346
-88.2039911308204,1.8072289156626509
-88.2039911308204,2.008032128514059
-88.00443458980044,2.208835341365467
-88.00443458980044,1.4056224899598346
-88.00443458980044,1.8072289156626509
-88.00443458980044,1.6064257028112428
-88.00443458980044,2.008032128514059
-87.8048780487805,1.4056224899598346
-87.8048780487805,1.6064257028112428
-87.8048780487805,2.008032128514059
-87.8048780487805,1.8072289156626509
-87.8048780487805,2.208835341365467
-87.60532150776054,2.208835341365467
-87.60532150776054,1.6064257028112428
-87.60532150776054,2.008032128514059
-87.60532150776054,1.8072289156626509
-87.60532150776054,1.4056224899598346
-87.40576496674058,2.008032128514059
-87.40576496674058,1.8072289156626509
-87.40576496674058,1.4056224899598346
-87.40576496674058,1.6064257028112428
-87.40576496674058,2.208835341365467
-87.20620842572062,2.208835341365467
-87.20620842572062,1.8072289156626509
-87.20620842572062,1.6064257028112428
-87.20620842572062,2.008032128514059
-87.00665188470066,1.8072289156626509
-87.00665188470066,2.208835341365467
-87.00665188470066,1.6064257028112428
-87.00665188470066,2.008032128514059
-86.80709534368071,2.008032128514059
-86.80709534368071,2.208835341365467
-86.80709534368071,1.6064257028112428
-86.80709534368071,1.8072289156626509
-86.60753880266076,2.008032128514059
-86.60753880266076,2.208835341365467
-86.60753880266076,1.6064257028112428
-86.60753880266076,1.8072289156626509
-86.4079822616408,2.208835341365467
-86.4079822616408,1.6064257028112428
-86.4079822616408,1.8072289156626509
-86.4079822616408,2.008032128514059
-86.20842572062084,2.008032128514059
-86.20842572062084,1.6064257028112428
-86.20842572062084,1.8072289156626509
-86.20842572062084,2.208835341365467
-86.0088691796009,1.8072289156626509
-86.0088691796009,2.208835341365467
-86.0088691796009,2.008032128514059
-86.0088691796009,1.6064257028112428
-85.80931263858093,2.409638554216864
-85.80931263858093,2.008032128514059
-85.80931263858093,1.8072289156626509
-85.80931263858093,2.208835341365467
-85.80931263858093,1.6064257028112428
-85.60975609756098,2.409638554216864
-85.60975609756098,1.8072289156626509
-85.60975609756098,2.208835341365467
-85.60975609756098,1.6064257028112428
-85.60975609756098,2.008032128514059
-85.41019955654102,1.6064257028112428
-85.41019955654102,1.8072289156626509
-85.41019955654102,2.208835341365467
-85.41019955654102,2.008032128514059
-85.41019955654102,2.409638554216864
-85.21064301552107,2.208835341365467
-85.21064301552107,2.409638554216864
-85.21064301552107,1.8072289156626509
-85.21064301552107,2.008032128514059
-85.01108647450111,2.409638554216864
-85.01108647450111,2.008032128514059
-85.01108647450111,1.8072289156626509
-85.01108647450111,2.208835341365467
-84.81152993348115,2.008032128514059
-84.81152993348115,1.8072289156626509
-84.81152993348115,2.409638554216864
-84.81152993348115,2.208835341365467
-84.6119733924612,2.008032128514059
-84.6119733924612,1.8072289156626509
-84.6119733924612,2.409638554216864
-84.6119733924612,2.208835341365467
-84.41241685144124,2.409638554216864
-84.41241685144124,1.8072289156626509
-84.41241685144124,2.008032128514059
-84.41241685144124,2.208835341365467
-84.21286031042129,2.6104417670682722
-84.21286031042129,2.409638554216864
-84.21286031042129,2.008032128514059
-84.21286031042129,1.8072289156626509
-84.21286031042129,2.208835341365467
-84.01330376940133,2.6104417670682722
-84.01330376940133,2.008032128514059
-84.01330376940133,1.8072289156626509
-84.01330376940133,2.409638554216864
-84.01330376940133,2.208835341365467
-83.81374722838137,2.409638554216864
-83.81374722838137,1.8072289156626509
-83.81374722838137,2.008032128514059
-83.81374722838137,2.6104417670682722
-83.81374722838137,2.208835341365467
-83.61419068736141,2.208835341365467
-83.61419068736141,2.409638554216864
-83.61419068736141,2.008032128514059
-83.61419068736141,2.6104417670682722
-83.61419068736141,1.8072289156626509
-83.41463414634147,2.6104417670682722
-83.41463414634147,2.208835341365467
-83.41463414634147,2.409638554216864
-83.41463414634147,1.8072289156626509
-83.41463414634147,2.008032128514059
-83.21507760532151,2.409638554216864
-83.21507760532151,1.8072289156626509
-83.21507760532151,2.6104417670682722
-83.21507760532151,2.008032128514059
-83.21507760532151,2.208835341365467
-83.01552106430155,2.008032128514059
-83.01552106430155,1.8072289156626509
-83.01552106430155,2.409638554216864
-83.01552106430155,2.6104417670682722
-83.01552106430155,2.208835341365467
-82.8159645232816,2.6104417670682722
-82.8159645232816,2.409638554216864
-82.8159645232816,1.8072289156626509
-82.8159645232816,2.208835341365467
-82.8159645232816,2.008032128514059
-82.61640798226163,2.6104417670682722
-82.61640798226163,2.008032128514059
-82.61640798226163,2.208835341365467
-82.61640798226163,1.8072289156626509
-82.61640798226163,2.409638554216864
-82.41685144124169,2.6104417670682722
-82.41685144124169,2.409638554216864
-82.41685144124169,1.8072289156626509
-82.41685144124169,2.008032128514059
-82.41685144124169,2.208835341365467
-82.21729490022173,2.409638554216864
-82.21729490022173,2.008032128514059
-82.21729490022173,2.208835341365467
-82.21729490022173,1.8072289156626509
-82.01773835920177,1.8072289156626509
-82.01773835920177,2.409638554216864
-82.01773835920177,2.208835341365467
-82.01773835920177,2.008032128514059
-81.81818181818181,2.008032128514059
-81.81818181818181,2.208835341365467
-81.81818181818181,1.8072289156626509
-81.81818181818181,2.409638554216864
-81.61862527716187,2.208835341365467
-81.61862527716187,2.008032128514059
-81.61862527716187,1.8072289156626509
-81.61862527716187,2.409638554216864
-81.41906873614191,2.208835341365467
-81.41906873614191,2.409638554216864
-81.41906873614191,2.008032128514059
-81.41906873614191,1.8072289156626509
-81.21951219512195,2.409638554216864
-81.21951219512195,2.008032128514059
-81.21951219512195,2.208835341365467
-81.21951219512195,1.8072289156626509
-81.01995565410199,2.008032128514059
-81.01995565410199,2.208835341365467
-81.01995565410199,1.8072289156626509
-81.01995565410199,2.409638554216864
-80.82039911308203,2.008032128514059
-80.82039911308203,2.208835341365467
-80.82039911308203,1.8072289156626509
-80.82039911308203,2.409638554216864
-80.62084257206209,1.8072289156626509
-80.62084257206209,2.208835341365467
-80.62084257206209,2.409638554216864
-80.62084257206209,2.008032128514059
-80.42128603104213,1.8072289156626509
-80.42128603104213,2.008032128514059
-80.42128603104213,2.409638554216864
-80.42128603104213,2.208835341365467
-80.22172949002217,1.8072289156626509
-80.22172949002217,2.008032128514059
-80.22172949002217,2.409638554216864
-80.22172949002217,2.208835341365467
-80.02217294900221,1.8072289156626509
-80.02217294900221,2.208835341365467
-80.02217294900221,2.008032128514059
-80.02217294900221,2.409638554216864
-79.82261640798227,2.008032128514059
-79.82261640798227,2.208835341365467
-79.82261640798227,2.409638554216864
-79.82261640798227,1.8072289156626509
-79.62305986696231,2.409638554216864
-79.62305986696231,2.6104417670682722
-79.62305986696231,2.008032128514059
-79.62305986696231,1.8072289156626509
-79.62305986696231,2.208835341365467
-79.42350332594235,2.409638554216864
-79.42350332594235,2.6104417670682722
-79.42350332594235,2.208835341365467
-79.42350332594235,1.8072289156626509
-79.42350332594235,2.008032128514059
-79.22394678492239,2.008032128514059
-79.22394678492239,2.6104417670682722
-79.22394678492239,2.409638554216864
-79.22394678492239,2.208835341365467
-79.22394678492239,1.8072289156626509
-79.02439024390245,2.008032128514059
-79.02439024390245,2.409638554216864
-79.02439024390245,2.6104417670682722
-79.02439024390245,2.208835341365467
-79.02439024390245,1.8072289156626509
-78.82483370288249,2.409638554216864
-78.82483370288249,2.6104417670682722
-78.82483370288249,1.8072289156626509
-78.82483370288249,2.008032128514059
-78.82483370288249,2.208835341365467
-78.62527716186253,2.008032128514059
-78.62527716186253,2.208835341365467
-78.62527716186253,2.409638554216864
-78.62527716186253,2.6104417670682722
-78.42572062084257,2.6104417670682722
-78.42572062084257,1.8072289156626509
-78.42572062084257,2.008032128514059
-78.42572062084257,2.208835341365467
-78.42572062084257,2.409638554216864
-78.22616407982261,2.409638554216864
-78.22616407982261,2.6104417670682722
-78.22616407982261,2.208835341365467
-78.22616407982261,2.008032128514059
-78.02660753880266,2.008032128514059
-78.02660753880266,2.6104417670682722
-78.02660753880266,2.208835341365467
-78.02660753880266,2.409638554216864
-77.8270509977827,2.208835341365467
-77.8270509977827,2.008032128514059
-77.8270509977827,2.6104417670682722
-77.8270509977827,2.409638554216864
-77.62749445676275,2.208835341365467
-77.62749445676275,2.409638554216864
-77.62749445676275,2.6104417670682722
-77.62749445676275,2.008032128514059
-77.4279379157428,2.208835341365467
-77.4279379157428,2.409638554216864
-77.4279379157428,2.8112449799196804
-77.4279379157428,2.6104417670682722
-77.4279379157428,2.008032128514059
-77.22838137472284,2.6104417670682722
-77.22838137472284,2.409638554216864
-77.22838137472284,2.208835341365467
-77.22838137472284,2.008032128514059
-77.22838137472284,2.8112449799196804
-77.02882483370288,2.409638554216864
-77.02882483370288,2.8112449799196804
-77.02882483370288,2.6104417670682722
-77.02882483370288,2.008032128514059
-77.02882483370288,2.208835341365467
-76.82926829268293,2.8112449799196804
-76.82926829268293,2.409638554216864
-76.82926829268293,2.6104417670682722
-76.82926829268293,2.208835341365467
-76.62971175166297,2.409638554216864
-76.62971175166297,2.208835341365467
-76.62971175166297,2.6104417670682722
-76.62971175166297,2.8112449799196804
-76.43015521064302,2.208835341365467
-76.43015521064302,2.6104417670682722
-76.43015521064302,3.0120481927710885
-76.43015521064302,2.409638554216864
-76.43015521064302,2.8112449799196804
-76.23059866962306,2.6104417670682722
-76.23059866962306,2.409638554216864
-76.23059866962306,2.8112449799196804
-76.23059866962306,2.208835341365467
-76.23059866962306,3.0120481927710885
-76.0310421286031,2.6104417670682722
-76.0310421286031,2.8112449799196804
-76.0310421286031,2.208835341365467
-76.0310421286031,2.409638554216864
-76.0310421286031,3.0120481927710885
-75.83148558758315,2.409638554216864
-75.83148558758315,2.6104417670682722
-75.83148558758315,2.8112449799196804
-75.83148558758315,3.0120481927710885
-75.63192904656319,2.6104417670682722
-75.63192904656319,3.0120481927710885
-75.63192904656319,2.409638554216864
-75.63192904656319,2.8112449799196804
-75.43237250554324,2.8112449799196804
-75.43237250554324,3.0120481927710885
-75.43237250554324,2.409638554216864
-75.43237250554324,2.6104417670682722
-75.43237250554324,3.2128514056224855
-75.23281596452328,2.6104417670682722
-75.23281596452328,3.2128514056224855
-75.23281596452328,2.8112449799196804
-75.23281596452328,2.409638554216864
-75.23281596452328,3.0120481927710885
-75.03325942350332,3.2128514056224855
-75.03325942350332,2.6104417670682722
-75.03325942350332,2.8112449799196804
-75.03325942350332,3.0120481927710885
-74.83370288248337,2.8112449799196804
-74.83370288248337,3.0120481927710885
-74.83370288248337,2.6104417670682722
-74.83370288248337,3.2128514056224855
-74.6341463414634,3.4136546184738936
-74.6341463414634,3.2128514056224855
-74.6341463414634,2.6104417670682722
-74.6341463414634,2.8112449799196804
-74.6341463414634,3.0120481927710885
-74.43458980044346,2.8112449799196804
-74.43458980044346,2.6104417670682722
-74.43458980044346,3.0120481927710885
-74.43458980044346,3.2128514056224855
-74.43458980044346,3.4136546184738936
-74.2350332594235,3.4136546184738936
-74.2350332594235,3.0120481927710885
-74.2350332594235,2.8112449799196804
-74.2350332594235,3.2128514056224855
-74.03547671840354,2.8112449799196804
-74.03547671840354,3.4136546184738936
-74.03547671840354,3.0120481927710885
-74.03547671840354,3.2128514056224855
-73.8359201773836,2.8112449799196804
-73.8359201773836,3.4136546184738936
-73.8359201773836,3.6144578313253017
-73.8359201773836,3.0120481927710885
-73.8359201773836,3.2128514056224855
-73.63636363636364,3.6144578313253017
-73.63636363636364,2.8112449799196804
-73.63636363636364,3.2128514056224855
-73.63636363636364,3.0120481927710885
-73.63636363636364,3.4136546184738936
-73.43680709534368,3.6144578313253017
-73.43680709534368,3.4136546184738936
-73.43680709534368,3.2128514056224855
-73.43680709534368,3.0120481927710885
-73.23725055432372,3.6144578313253017
-73.23725055432372,3.81526104417671
-73.23725055432372,3.4136546184738936
-73.23725055432372,3.2128514056224855
-73.23725055432372,3.0120481927710885
-73.03769401330376,3.6144578313253017
-73.03769401330376,3.4136546184738936
-73.03769401330376,3.2128514056224855
-73.03769401330376,3.0120481927710885
-73.03769401330376,3.81526104417671
-72.83813747228382,3.6144578313253017
-72.83813747228382,3.81526104417671
-72.83813747228382,3.2128514056224855
-72.83813747228382,3.4136546184738936
-72.63858093126386,3.2128514056224855
-72.63858093126386,3.4136546184738936
-72.63858093126386,3.81526104417671
-72.63858093126386,4.016064257028118
-72.63858093126386,3.6144578313253017
-72.4390243902439,3.6144578313253017
-72.4390243902439,3.2128514056224855
-72.4390243902439,3.81526104417671
-72.4390243902439,4.016064257028118
-72.4390243902439,3.4136546184738936
-72.23946784922396,3.6144578313253017
-72.23946784922396,3.4136546184738936
-72.23946784922396,3.81526104417671
-72.23946784922396,4.016064257028118
-72.03991130820398,4.216867469879515
-72.03991130820398,3.6144578313253017
-72.03991130820398,3.4136546184738936
-72.03991130820398,3.81526104417671
-72.03991130820398,4.016064257028118
-71.84035476718404,4.016064257028118
-71.84035476718404,4.216867469879515
-71.84035476718404,3.4136546184738936
-71.84035476718404,3.6144578313253017
-71.84035476718404,3.81526104417671
-71.64079822616408,4.016064257028118
-71.64079822616408,3.81526104417671
-71.64079822616408,3.6144578313253017
-71.64079822616408,4.216867469879515
-71.44124168514412,4.216867469879515
-71.44124168514412,4.016064257028118
-71.44124168514412,3.81526104417671
-71.44124168514412,3.6144578313253017
-71.24168514412418,4.016064257028118
-71.24168514412418,4.216867469879515
-71.24168514412418,3.81526104417671
-71.24168514412418,4.417670682730924
-71.24168514412418,3.6144578313253017
-71.04212860310422,3.81526104417671
-71.04212860310422,4.417670682730924
-71.04212860310422,3.6144578313253017
-71.04212860310422,4.016064257028118
-71.04212860310422,4.216867469879515
-70.84257206208426,4.417670682730924
-70.84257206208426,3.81526104417671
-70.84257206208426,4.016064257028118
-70.84257206208426,4.216867469879515
-70.6430155210643,4.016064257028118
-70.6430155210643,4.618473895582332
-70.6430155210643,3.81526104417671
-70.6430155210643,4.417670682730924
-70.6430155210643,4.216867469879515
-70.44345898004434,4.216867469879515
-70.44345898004434,4.618473895582332
-70.44345898004434,4.016064257028118
-70.44345898004434,4.417670682730924
-70.44345898004434,3.81526104417671
-70.2439024390244,4.216867469879515
-70.2439024390244,4.016064257028118
-70.2439024390244,4.618473895582332
-70.2439024390244,4.417670682730924
-70.04434589800444,4.216867469879515
-70.04434589800444,4.618473895582332
-70.04434589800444,4.016064257028118
-70.04434589800444,4.417670682730924
-70.04434589800444,4.81927710843374
-69.84478935698448,4.016064257028118
-69.84478935698448,4.618473895582332
-69.84478935698448,4.81927710843374
-69.84478935698448,4.417670682730924
-69.84478935698448,4.216867469879515
-69.64523281596452,4.417670682730924
-69.64523281596452,4.618473895582332
-69.64523281596452,4.81927710843374
-69.64523281596452,4.216867469879515
-69.44567627494456,4.81927710843374
-69.44567627494456,4.618473895582332
-69.44567627494456,4.417670682730924
-69.44567627494456,4.216867469879515
-69.24611973392462,5.020080321285136
-69.24611973392462,4.216867469879515
-69.24611973392462,4.81927710843374
-69.24611973392462,4.417670682730924
-69.24611973392462,4.618473895582332
-69.04656319290466,4.417670682730924
-69.04656319290466,4.618473895582332
-69.04656319290466,4.216867469879515
-69.04656319290466,4.81927710843374
-69.04656319290466,5.020080321285136
-68.8470066518847,4.417670682730924
-68.8470066518847,5.020080321285136
-68.8470066518847,4.81927710843374
-68.8470066518847,4.618473895582332
-68.64745011086475,4.81927710843374
-68.64745011086475,4.618473895582332
-68.64745011086475,4.417670682730924
-68.64745011086475,5.020080321285136
-68.4478935698448,4.618473895582332
-68.4478935698448,4.81927710843374
-68.4478935698448,5.020080321285136
-68.4478935698448,4.417670682730924
-68.4478935698448,5.2208835341365445
-68.24833702882484,5.2208835341365445
-68.24833702882484,5.020080321285136
-68.24833702882484,4.81927710843374
-68.24833702882484,4.618473895582332
-68.24833702882484,4.417670682730924
-68.04878048780488,4.81927710843374
-68.04878048780488,5.2208835341365445
-68.04878048780488,4.618473895582332
-68.04878048780488,5.020080321285136
-67.84922394678492,4.618473895582332
-67.84922394678492,5.020080321285136
-67.84922394678492,5.2208835341365445
-67.84922394678492,4.81927710843374
-67.64966740576497,4.618473895582332
-67.64966740576497,5.020080321285136
-67.64966740576497,5.2208835341365445
-67.64966740576497,4.81927710843374
-67.45011086474501,4.618473895582332
-67.45011086474501,5.020080321285136
-67.45011086474501,5.2208835341365445
-67.45011086474501,4.81927710843374
-67.45011086474501,5.421686746987953
-67.25055432372505,4.618473895582332
-67.25055432372505,5.2208835341365445
-67.25055432372505,5.020080321285136
-67.25055432372505,4.81927710843374
-67.25055432372505,5.421686746987953
-67.0509977827051,5.421686746987953
-67.0509977827051,4.81927710843374
-67.0509977827051,5.2208835341365445
-67.0509977827051,5.020080321285136
-66.85144124168514,5.421686746987953
-66.85144124168514,5.020080321285136
-66.85144124168514,5.2208835341365445
-66.85144124168514,4.81927710843374
-66.65188470066519,4.81927710843374
-66.65188470066519,5.421686746987953
-66.65188470066519,5.622489959839361
-66.65188470066519,5.020080321285136
-66.65188470066519,5.2208835341365445
-66.45232815964523,5.421686746987953
-66.45232815964523,5.622489959839361
-66.45232815964523,5.020080321285136
-66.45232815964523,5.2208835341365445
-66.45232815964523,4.81927710843374
-66.25277161862527,5.622489959839361
-66.25277161862527,5.421686746987953
-66.25277161862527,5.2208835341365445
-66.25277161862527,5.020080321285136
-66.05321507760533,5.823293172690757
-66.05321507760533,5.2208835341365445
-66.05321507760533,5.020080321285136
-66.05321507760533,5.421686746987953
-66.05321507760533,5.622489959839361
-65.85365853658536,5.823293172690757
-65.85365853658536,5.2208835341365445
-65.85365853658536,5.020080321285136
-65.85365853658536,5.421686746987953
-65.85365853658536,5.622489959839361
-65.65410199556541,5.622489959839361
-65.65410199556541,5.421686746987953
-65.65410199556541,5.823293172690757
-65.65410199556541,5.2208835341365445
-65.45454545454545,5.2208835341365445
-65.45454545454545,5.421686746987953
-65.45454545454545,6.024096385542165
-65.45454545454545,5.823293172690757
-65.45454545454545,5.622489959839361
-65.2549889135255,6.024096385542165
-65.2549889135255,5.421686746987953
-65.2549889135255,5.823293172690757
-65.2549889135255,5.622489959839361
-65.05543237250555,6.2248995983935735
-65.05543237250555,6.024096385542165
-65.05543237250555,5.421686746987953
-65.05543237250555,5.622489959839361
-65.05543237250555,5.823293172690757
-64.85587583148559,5.622489959839361
-64.85587583148559,6.024096385542165
-64.85587583148559,5.823293172690757
-64.85587583148559,6.2248995983935735
-64.85587583148559,5.421686746987953
-64.65631929046563,6.425702811244982
-64.65631929046563,6.2248995983935735
-64.65631929046563,5.622489959839361
-64.65631929046563,5.823293172690757
-64.65631929046563,6.024096385542165
-64.45676274944567,5.823293172690757
-64.45676274944567,6.2248995983935735
-64.45676274944567,6.425702811244982
-64.45676274944567,5.622489959839361
-64.45676274944567,6.024096385542165
-64.25720620842571,6.425702811244982
-64.25720620842571,6.62650602409639
-64.25720620842571,6.024096385542165
-64.25720620842571,5.823293172690757
-64.25720620842571,6.2248995983935735
-64.05764966740577,5.823293172690757
-64.05764966740577,6.024096385542165
-64.05764966740577,6.62650602409639
-64.05764966740577,6.425702811244982
-64.05764966740577,6.2248995983935735
-63.85809312638581,6.62650602409639
-63.85809312638581,6.024096385542165
-63.85809312638581,6.2248995983935735
-63.85809312638581,6.827309236947787
-63.85809312638581,6.425702811244982
-63.65853658536585,6.62650602409639
-63.65853658536585,6.827309236947787
-63.65853658536585,6.2248995983935735
-63.65853658536585,6.024096385542165
-63.65853658536585,6.425702811244982
-63.45898004434589,6.425702811244982
-63.45898004434589,7.028112449799195
-63.45898004434589,6.827309236947787
-63.45898004434589,6.2248995983935735
-63.45898004434589,6.62650602409639
-63.25942350332594,7.028112449799195
-63.25942350332594,6.425702811244982
-63.25942350332594,6.2248995983935735
-63.25942350332594,6.62650602409639
-63.25942350332594,6.827309236947787
-63.05986696230599,6.425702811244982
-63.05986696230599,6.62650602409639
-63.05986696230599,7.028112449799195
-63.05986696230599,7.2289156626506035
-63.05986696230599,6.827309236947787
-62.86031042128603,6.425702811244982
-62.86031042128603,7.028112449799195
-62.86031042128603,6.827309236947787
-62.86031042128603,6.62650602409639
-62.86031042128603,7.2289156626506035
-62.66075388026607,7.429718875502012
-62.66075388026607,7.2289156626506035
-62.66075388026607,6.827309236947787
-62.66075388026607,7.028112449799195
-62.66075388026607,6.62650602409639
-62.46119733924612,7.028112449799195
-62.46119733924612,6.827309236947787
-62.46119733924612,7.2289156626506035
-62.46119733924612,7.429718875502012
-62.46119733924612,6.62650602409639
-62.26164079822616,7.429718875502012
-62.26164079822616,7.028112449799195
-62.26164079822616,7.630522088353409
-62.26164079822616,7.2289156626506035
-62.26164079822616,6.827309236947787
-62.06208425720621,7.028112449799195
-62.06208425720621,6.827309236947787
-62.06208425720621,7.2289156626506035
-62.06208425720621,7.429718875502012
-62.06208425720621,7.630522088353409
-61.86252771618625,7.028112449799195
-61.86252771618625,7.2289156626506035
-61.86252771618625,7.831325301204817
-61.86252771618625,7.630522088353409
-61.86252771618625,7.429718875502012
-61.66297117516629,7.2289156626506035
-61.66297117516629,7.831325301204817
-61.66297117516629,7.630522088353409
-61.66297117516629,7.429718875502012
-61.66297117516629,7.028112449799195
-61.463414634146346,7.831325301204817
-61.463414634146346,8.032128514056225
-61.463414634146346,7.2289156626506035
-61.463414634146346,7.429718875502012
-61.463414634146346,7.630522088353409
-61.26385809312639,7.831325301204817
-61.26385809312639,8.032128514056225
-61.26385809312639,7.2289156626506035
-61.26385809312639,7.630522088353409
-61.26385809312639,7.429718875502012
-61.06430155210643,8.032128514056225
-61.06430155210643,7.630522088353409
-61.06430155210643,7.831325301204817
-61.06430155210643,7.429718875502012
-61.06430155210643,8.232931726907633
-60.86474501108647,8.232931726907633
-60.86474501108647,7.630522088353409
-60.86474501108647,7.429718875502012
-60.86474501108647,8.032128514056225
-60.86474501108647,7.831325301204817
-60.665188470066525,7.831325301204817
-60.665188470066525,8.232931726907633
-60.665188470066525,7.630522088353409
-60.665188470066525,8.032128514056225
-60.465631929046566,8.433734939759042
-60.465631929046566,8.232931726907633
-60.465631929046566,8.032128514056225
-60.465631929046566,7.630522088353409
-60.465631929046566,7.831325301204817
-60.26607538802661,7.630522088353409
-60.26607538802661,8.232931726907633
-60.26607538802661,8.433734939759042
-60.26607538802661,8.032128514056225
-60.26607538802661,7.831325301204817
-60.06651884700665,8.232931726907633
-60.06651884700665,8.433734939759042
-60.06651884700665,7.831325301204817
-60.06651884700665,8.634538152610439
-60.06651884700665,8.032128514056225
-59.86696230598669,8.634538152610439
-59.86696230598669,8.032128514056225
-59.86696230598669,8.433734939759042
-59.86696230598669,8.232931726907633
-59.86696230598669,7.831325301204817
-59.667405764966745,8.433734939759042
-59.667405764966745,8.634538152610439
-59.667405764966745,8.032128514056225
-59.667405764966745,8.232931726907633
-59.467849223946786,8.232931726907633
-59.467849223946786,8.634538152610439
-59.467849223946786,8.433734939759042
-59.467849223946786,8.835341365461847
-59.467849223946786,8.032128514056225
-59.26829268292683,8.232931726907633
-59.26829268292683,8.433734939759042
-59.26829268292683,8.634538152610439
-59.26829268292683,8.032128514056225
-59.26829268292683,8.835341365461847
-59.06873614190687,8.634538152610439
-59.06873614190687,8.433734939759042
-59.06873614190687,8.032128514056225
-59.06873614190687,8.835341365461847
-59.06873614190687,8.232931726907633
-58.86917960088692,8.835341365461847
-58.86917960088692,8.032128514056225
-58.86917960088692,8.634538152610439
-58.86917960088692,8.232931726907633
-58.86917960088692,8.433734939759042
-58.669623059866964,8.232931726907633
-58.669623059866964,8.835341365461847
-58.669623059866964,8.634538152610439
-58.669623059866964,8.433734939759042
-58.470066518847005,8.634538152610439
-58.470066518847005,8.232931726907633
-58.470066518847005,8.433734939759042
-58.470066518847005,8.835341365461847
-58.270509977827054,8.232931726907633
-58.270509977827054,8.835341365461847
-58.270509977827054,8.433734939759042
-58.270509977827054,8.634538152610439
-58.07095343680709,8.835341365461847
-58.07095343680709,8.433734939759042
-58.07095343680709,8.232931726907633
-58.07095343680709,9.036144578313255
-58.07095343680709,8.634538152610439
-57.871396895787136,8.835341365461847
-57.871396895787136,9.236947791164663
-57.871396895787136,8.232931726907633
-57.871396895787136,8.433734939759042
-57.871396895787136,8.634538152610439
-57.871396895787136,9.036144578313255
-57.671840354767184,9.236947791164663
-57.671840354767184,9.036144578313255
-57.671840354767184,8.634538152610439
-57.671840354767184,8.433734939759042
-57.671840354767184,8.835341365461847
-57.47228381374723,9.036144578313255
-57.47228381374723,9.437751004016059
-57.47228381374723,8.835341365461847
-57.47228381374723,8.634538152610439
-57.47228381374723,9.236947791164663
-57.27272727272727,9.839357429718875
-57.27272727272727,8.835341365461847
-57.27272727272727,9.036144578313255
-57.27272727272727,9.437751004016059
-57.27272727272727,9.236947791164663
-57.27272727272727,9.638554216867467
-57.27272727272727,8.634538152610439
-57.073170731707314,9.437751004016059
-57.073170731707314,10.240963855421692
-57.073170731707314,9.236947791164663
-57.073170731707314,9.839357429718875
-57.073170731707314,8.835341365461847
-57.073170731707314,10.040160642570283
-57.073170731707314,9.036144578313255
-57.073170731707314,9.638554216867467
-56.87361419068736,9.839357429718875
-56.87361419068736,9.236947791164663
-56.87361419068736,10.040160642570283
-56.87361419068736,9.638554216867467
-56.87361419068736,9.036144578313255
-56.87361419068736,10.441767068273089
-56.87361419068736,10.240963855421692
-56.87361419068736,9.437751004016059
-56.674057649667404,10.642570281124497
-56.674057649667404,9.236947791164663
-56.674057649667404,10.441767068273089
-56.674057649667404,10.240963855421692
-56.674057649667404,9.638554216867467
-56.674057649667404,10.843373493975905
-56.674057649667404,10.040160642570283
-56.674057649667404,9.839357429718875
-56.674057649667404,9.437751004016059
-56.47450110864745,10.441767068273089
-56.47450110864745,10.240963855421692
-56.47450110864745,10.843373493975905
-56.47450110864745,11.044176706827313
-56.47450110864745,10.040160642570283
-56.47450110864745,10.642570281124497
-56.47450110864745,9.638554216867467
-56.47450110864745,9.839357429718875
-56.47450110864745,11.24497991967871
-56.2749445676275,11.24497991967871
-56.2749445676275,11.646586345381527
-56.2749445676275,10.843373493975905
-56.2749445676275,10.642570281124497
-56.2749445676275,11.445783132530119
-56.2749445676275,10.441767068273089
-56.2749445676275,10.040160642570283
-56.2749445676275,9.839357429718875
-56.2749445676275,10.240963855421692
-56.2749445676275,11.044176706827313
-56.07538802660754,11.847389558232935
-56.07538802660754,11.646586345381527
-56.07538802660754,11.044176706827313
-56.07538802660754,10.240963855421692
-56.07538802660754,11.445783132530119
-56.07538802660754,12.248995983935739
-56.07538802660754,10.843373493975905
-56.07538802660754,11.24497991967871
-56.07538802660754,12.048192771084343
-56.07538802660754,10.642570281124497
-56.07538802660754,10.441767068273089
-55.87583148558758,12.650602409638555
-55.87583148558758,10.642570281124497
-55.87583148558758,10.843373493975905
-55.87583148558758,11.847389558232935
-55.87583148558758,12.449799196787147
-55.87583148558758,11.044176706827313
-55.87583148558758,11.24497991967871
-55.87583148558758,12.048192771084343
-55.87583148558758,11.445783132530119
-55.87583148558758,11.646586345381527
-55.87583148558758,12.248995983935739
-55.67627494456763,11.646586345381527
-55.67627494456763,13.05220883534136
-55.67627494456763,12.650602409638555
-55.67627494456763,11.847389558232935
-55.67627494456763,12.048192771084343
-55.67627494456763,12.248995983935739
-55.67627494456763,13.253012048192769
-55.67627494456763,11.445783132530119
-55.67627494456763,12.851405622489963
-55.67627494456763,11.24497991967871
-55.67627494456763,12.449799196787147
-55.67627494456763,11.044176706827313
-55.47671840354767,11.646586345381527
-55.47671840354767,11.847389558232935
-55.47671840354767,11.445783132530119
-55.47671840354767,13.654618473895585
-55.47671840354767,13.453815261044177
-55.47671840354767,12.650602409638555
-55.47671840354767,12.449799196787147
-55.47671840354767,13.253012048192769
-55.47671840354767,12.248995983935739
-55.47671840354767,12.048192771084343
-55.47671840354767,13.05220883534136
-55.47671840354767,12.851405622489963
-55.27716186252772,13.654618473895585
-55.27716186252772,12.248995983935739
-55.27716186252772,12.851405622489963
-55.27716186252772,13.05220883534136
-55.27716186252772,13.855421686746983
-55.27716186252772,12.449799196787147
-55.27716186252772,14.05622489959839
-55.27716186252772,12.048192771084343
-55.27716186252772,12.650602409638555
-55.27716186252772,13.453815261044177
-55.27716186252772,14.257028112449799
-55.27716186252772,13.253012048192769
-55.07760532150776,13.855421686746983
-55.07760532150776,14.457831325301207
-55.07760532150776,14.257028112449799
-55.07760532150776,14.05622489959839
-55.07760532150776,14.658634538152615
-55.07760532150776,13.05220883534136
-55.07760532150776,14.859437751004013
-55.07760532150776,12.449799196787147
-55.07760532150776,13.654618473895585
-55.07760532150776,12.851405622489963
-55.07760532150776,13.453815261044177
-55.07760532150776,12.650602409638555
-55.07760532150776,13.253012048192769
-54.8780487804878,13.855421686746983
-54.8780487804878,14.457831325301207
-54.8780487804878,15.06024096385542
-54.8780487804878,13.453815261044177
-54.8780487804878,14.257028112449799
-54.8780487804878,15.261044176706829
-54.8780487804878,13.05220883534136
-54.8780487804878,14.05622489959839
-54.8780487804878,13.654618473895585
-54.8780487804878,14.658634538152615
-54.8780487804878,15.461847389558237
-54.8780487804878,13.253012048192769
-54.8780487804878,14.859437751004013
-54.67849223946785,14.859437751004013
-54.67849223946785,16.06425702811245
-54.67849223946785,15.06024096385542
-54.67849223946785,14.257028112449799
-54.67849223946785,15.261044176706829
-54.67849223946785,14.05622489959839
-54.67849223946785,16.26506024096386
-54.67849223946785,13.855421686746983
-54.67849223946785,15.662650602409634
-54.67849223946785,15.863453815261042
-54.67849223946785,13.654618473895585
-54.67849223946785,14.457831325301207
-54.67849223946785,15.461847389558237
-54.67849223946785,14.658634538152615
-54.4789356984479,15.863453815261042
-54.4789356984479,16.867469879518072
-54.4789356984479,14.859437751004013
-54.4789356984479,14.05622489959839
-54.4789356984479,16.666666666666664
-54.4789356984479,14.257028112449799
-54.4789356984479,15.461847389558237
-54.4789356984479,16.465863453815267
-54.4789356984479,15.06024096385542
-54.4789356984479,15.662650602409634
-54.4789356984479,16.26506024096386
-54.4789356984479,14.457831325301207
-54.4789356984479,14.658634538152615
-54.4789356984479,16.06425702811245
-54.4789356984479,15.261044176706829
-54.27937915742794,15.261044176706829
-54.27937915742794,17.26907630522089
-54.27937915742794,14.658634538152615
-54.27937915742794,17.469879518072283
-54.27937915742794,15.461847389558237
-54.27937915742794,16.867469879518072
-54.27937915742794,16.666666666666664
-54.27937915742794,15.662650602409634
-54.27937915742794,16.465863453815267
-54.27937915742794,16.26506024096386
-54.27937915742794,15.863453815261042
-54.27937915742794,16.06425702811245
-54.27937915742794,17.06827309236948
-54.27937915742794,14.859437751004013
-54.27937915742794,15.06024096385542
-54.07982261640798,16.666666666666664
-54.07982261640798,17.8714859437751
-54.07982261640798,18.07228915662651
-54.07982261640798,15.662650602409634
-54.07982261640798,17.670682730923694
-54.07982261640798,15.461847389558237
-54.07982261640798,18.273092369477915
-54.07982261640798,16.867469879518072
-54.07982261640798,15.863453815261042
-54.07982261640798,17.469879518072283
-54.07982261640798,16.26506024096386
-54.07982261640798,16.465863453815267
-54.07982261640798,16.06425702811245
-54.07982261640798,17.26907630522089
-54.07982261640798,17.06827309236948
-53.88026607538803,17.469879518072283
-53.88026607538803,19.076305220883537
-53.88026607538803,17.26907630522089
-53.88026607538803,17.8714859437751
-53.88026607538803,18.07228915662651
-53.88026607538803,16.666666666666664
-53.88026607538803,18.67469879518072
-53.88026607538803,17.670682730923694
-53.88026607538803,16.26506024096386
-53.88026607538803,16.06425702811245
-53.88026607538803,18.273092369477915
-53.88026607538803,18.87550200803213
-53.88026607538803,17.06827309236948
-53.88026607538803,18.473895582329313
-53.88026607538803,16.465863453815267
-53.88026607538803,16.867469879518072
-53.68070953436807,17.06827309236948
-53.68070953436807,17.8714859437751
-53.68070953436807,19.87951807228916
-53.68070953436807,17.670682730923694
-53.68070953436807,18.87550200803213
-53.68070953436807,17.469879518072283
-53.68070953436807,19.67871485943775
-53.68070953436807,17.26907630522089
-53.68070953436807,19.076305220883537
-53.68070953436807,19.277108433734934
-53.68070953436807,18.07228915662651
-53.68070953436807,18.67469879518072
-53.68070953436807,16.666666666666664
-53.68070953436807,18.473895582329313
-53.68070953436807,18.273092369477915
-53.68070953436807,19.477911646586342
-53.68070953436807,16.867469879518072
-53.48115299334812,19.277108433734934
-53.48115299334812,17.469879518072283
-53.48115299334812,17.26907630522089
-53.48115299334812,19.87951807228916
-53.48115299334812,18.67469879518072
-53.48115299334812,19.477911646586342
-53.48115299334812,20.281124497991964
-53.48115299334812,17.670682730923694
-53.48115299334812,18.473895582329313
-53.48115299334812,18.273092369477915
-53.48115299334812,19.67871485943775
-53.48115299334812,18.87550200803213
-53.48115299334812,20.68273092369478
-53.48115299334812,17.8714859437751
-53.48115299334812,18.07228915662651
-53.48115299334812,19.076305220883537
-53.48115299334812,20.481927710843372
-53.48115299334812,20.080321285140567
-53.28159645232816,19.67871485943775
-53.28159645232816,19.87951807228916
-53.28159645232816,19.277108433734934
-53.28159645232816,19.076305220883537
-53.28159645232816,19.477911646586342
-53.28159645232816,20.88353413654619
-53.28159645232816,18.07228915662651
-53.28159645232816,20.281124497991964
-53.28159645232816,21.485943775100402
-53.28159645232816,18.67469879518072
-53.28159645232816,21.084337349397586
-53.28159645232816,20.481927710843372
-53.28159645232816,20.080321285140567
-53.28159645232816,18.273092369477915
-53.28159645232816,21.285140562248994
-53.28159645232816,20.68273092369478
-53.28159645232816,18.473895582329313
-53.28159645232816,18.87550200803213
-53.0820399113082,19.277108433734934
-53.0820399113082,22.289156626506024
-53.0820399113082,20.88353413654619
-53.0820399113082,19.67871485943775
-53.0820399113082,20.080321285140567
-53.0820399113082,20.481927710843372
-53.0820399113082,19.477911646586342
-53.0820399113082,20.281124497991964
-53.0820399113082,20.68273092369478
-53.0820399113082,22.489959839357432
-53.0820399113082,19.076305220883537
-53.0820399113082,21.084337349397586
-53.0820399113082,21.485943775100402
-53.0820399113082,22.088353413654616
-53.0820399113082,21.887550200803208
-53.0820399113082,19.87951807228916
-53.0820399113082,21.68674698795181
-53.0820399113082,21.285140562248994
-53.0820399113082,18.87550200803213
-52.88248337028825,21.084337349397586
-52.88248337028825,21.887550200803208
-52.88248337028825,20.481927710843372
-52.88248337028825,19.67871485943775
-52.88248337028825,22.69076305220884
-52.88248337028825,21.485943775100402
-52.88248337028825,23.293172690763054
-52.88248337028825,22.489959839357432
-52.88248337028825,22.891566265060238
-52.88248337028825,20.68273092369478
-52.88248337028825,21.285140562248994
-52.88248337028825,20.080321285140567
-52.88248337028825,21.68674698795181
-52.88248337028825,20.88353413654619
-52.88248337028825,22.088353413654616
-52.88248337028825,22.289156626506024
-52.88248337028825,20.281124497991964
-52.88248337028825,19.87951807228916
-52.88248337028825,23.092369477911646
-52.6829268292683,23.092369477911646
-52.6829268292683,24.297188755020084
-52.6829268292683,23.895582329317268
-52.6829268292683,23.493975903614462
-52.6829268292683,23.69477911646586
-52.6829268292683,23.293172690763054
-52.6829268292683,24.096385542168676
-52.6829268292683,21.887550200803208
-52.6829268292683,22.489959839357432
-52.6829268292683,21.285140562248994
-52.6829268292683,21.084337349397586
-52.6829268292683,22.289156626506024
-52.6829268292683,20.88353413654619
-52.6829268292683,21.68674698795181
-52.6829268292683,20.68273092369478
-52.6829268292683,22.088353413654616
-52.6829268292683,22.69076305220884
-52.6829268292683,20.481927710843372
-52.6829268292683,21.485943775100402
-52.48337028824834,24.69879518072289
-52.48337028824834,21.68674698795181
-52.48337028824834,22.088353413654616
-52.48337028824834,24.297188755020084
-52.48337028824834,24.096385542168676
-52.48337028824834,23.092369477911646
-52.48337028824834,21.887550200803208
-52.48337028824834,21.485943775100402
-52.48337028824834,24.497991967871492
-52.48337028824834,24.899598393574294
-52.48337028824834,21.285140562248994
-52.48337028824834,23.69477911646586
-52.48337028824834,25.100401606425706
-52.48337028824834,22.289156626506024
-52.48337028824834,22.489959839357432
-52.48337028824834,23.493975903614462
-52.48337028824834,22.69076305220884
-52.48337028824834,22.891566265060238
-52.48337028824834,23.293172690763054
-52.48337028824834,23.895582329317268
-52.28381374722838,24.899598393574294
-52.28381374722838,25.100401606425706
-52.28381374722838,25.30120481927711
-52.28381374722838,24.69879518072289
-52.28381374722838,25.702811244979916
-52.28381374722838,23.092369477911646
-52.28381374722838,24.096385542168676
-52.28381374722838,24.297188755020084
-52.28381374722838,25.903614457831324
-52.28381374722838,22.088353413654616
-52.28381374722838,23.895582329317268
-52.28381374722838,22.289156626506024
-52.28381374722838,23.69477911646586
-52.28381374722838,22.489959839357432
-52.28381374722838,23.493975903614462
-52.28381374722838,22.69076305220884
-52.28381374722838,22.891566265060238
-52.28381374722838,23.293172690763054
-52.28381374722838,24.497991967871492
-52.28381374722838,26.104417670682732
-52.28381374722838,25.502008032128508
-52.08425720620843,26.706827309236946
-52.08425720620843,26.30522088353414
-52.08425720620843,24.497991967871492
-52.08425720620843,24.69879518072289
-52.08425720620843,24.297188755020084
-52.08425720620843,24.899598393574294
-52.08425720620843,24.096385542168676
-52.08425720620843,25.100401606425706
-52.08425720620843,25.702811244979916
-52.08425720620843,26.506024096385538
-52.08425720620843,23.895582329317268
-52.08425720620843,25.903614457831324
-52.08425720620843,25.30120481927711
-52.08425720620843,23.493975903614462
-52.08425720620843,23.293172690763054
-52.08425720620843,23.092369477911646
-52.08425720620843,25.502008032128508
-52.08425720620843,26.907630522088354
-52.08425720620843,23.69477911646586
-52.08425720620843,26.104417670682732
-51.88470066518847,25.903614457831324
-51.88470066518847,25.30120481927711
-51.88470066518847,25.100401606425706
-51.88470066518847,25.502008032128508
-51.88470066518847,24.899598393574294
-51.88470066518847,25.702811244979916
-51.88470066518847,26.104417670682732
-51.88470066518847,26.907630522088354
-51.88470066518847,27.108433734939762
-51.88470066518847,26.706827309236946
-51.88470066518847,27.710843373493976
-51.88470066518847,26.506024096385538
-51.88470066518847,24.69879518072289
-51.88470066518847,24.096385542168676
-51.88470066518847,27.510040160642568
-51.88470066518847,24.297188755020084
-51.88470066518847,24.497991967871492
-51.88470066518847,26.30522088353414
-51.88470066518847,27.30923694779116
-51.68514412416852,25.100401606425706
-51.68514412416852,27.510040160642568
-51.68514412416852,25.30120481927711
-51.68514412416852,24.899598393574294
-51.68514412416852,27.108433734939762
-51.68514412416852,27.710843373493976
-51.68514412416852,25.502008032128508
-51.68514412416852,28.112449799196792
-51.68514412416852,28.31325301204819
-51.68514412416852,28.514056224899598
-51.68514412416852,25.702811244979916
-51.68514412416852,27.30923694779116
-51.68514412416852,27.911646586345384
-51.68514412416852,26.706827309236946
-51.68514412416852,26.907630522088354
-51.68514412416852,25.903614457831324
-51.68514412416852,26.506024096385538
-51.68514412416852,26.30522088353414
-51.68514412416852,26.104417670682732
-51.48558758314856,26.506024096385538
-51.48558758314856,25.903614457831324
-51.48558758314856,28.514056224899598
-51.48558758314856,28.31325301204819
-51.48558758314856,27.108433734939762
-51.48558758314856,27.30923694779116
-51.48558758314856,29.31726907630522
-51.48558758314856,28.112449799196792
-51.48558758314856,27.510040160642568
-51.48558758314856,27.911646586345384
-51.48558758314856,26.706827309236946
-51.48558758314856,27.710843373493976
-51.48558758314856,26.907630522088354
-51.48558758314856,29.11646586345381
-51.48558758314856,26.30522088353414
-51.48558758314856,25.702811244979916
-51.48558758314856,26.104417670682732
-51.48558758314856,28.915662650602414
-51.48558758314856,28.714859437751006
-51.2860310421286,28.31325301204819
-51.2860310421286,26.907630522088354
-51.2860310421286,27.510040160642568
-51.2860310421286,30.12048192771084
-51.2860310421286,29.31726907630522
-51.2860310421286,27.30923694779116
-51.2860310421286,29.518072289156628
-51.2860310421286,28.714859437751006
-51.2860310421286,26.706827309236946
-51.2860310421286,27.108433734939762
-51.2860310421286,28.112449799196792
-51.2860310421286,29.11646586345381
-51.2860310421286,29.718875502008036
-51.2860310421286,28.915662650602414
-51.2860310421286,27.911646586345384
-51.2860310421286,29.919678714859433
-51.2860310421286,27.710843373493976
-51.2860310421286,28.514056224899598
-51.08647450110865,28.112449799196792
-51.08647450110865,29.518072289156628
-51.08647450110865,30.32128514056225
-51.08647450110865,28.31325301204819
-51.08647450110865,30.522088353413658
-51.08647450110865,27.510040160642568
-51.08647450110865,29.11646586345381
-51.08647450110865,30.12048192771084
-51.08647450110865,28.915662650602414
-51.08647450110865,28.514056224899598
-51.08647450110865,29.919678714859433
-51.08647450110865,29.31726907630522
-51.08647450110865,27.710843373493976
-51.08647450110865,28.714859437751006
-51.08647450110865,30.923694779116463
-51.08647450110865,29.718875502008036
-51.08647450110865,30.722891566265066
-51.08647450110865,27.911646586345384
-50.886917960088695,31.526104417670687
-50.886917960088695,29.919678714859433
-50.886917960088695,30.12048192771084
-50.886917960088695,30.32128514056225
-50.886917960088695,29.718875502008036
-50.886917960088695,30.522088353413658
-50.886917960088695,28.31325301204819
-50.886917960088695,29.11646586345381
-50.886917960088695,31.12449799196787
-50.886917960088695,30.923694779116463
-50.886917960088695,30.722891566265066
-50.886917960088695,29.31726907630522
-50.886917960088695,31.32530120481928
-50.886917960088695,28.915662650602414
-50.886917960088695,28.514056224899598
-50.886917960088695,29.518072289156628
-50.886917960088695,28.714859437751006
-50.886917960088695,31.726907630522085
-50.687361419068736,30.722891566265066
-50.687361419068736,29.718875502008036
-50.687361419068736,31.526104417670687
-50.687361419068736,31.92771084337349
-50.687361419068736,31.12449799196787
-50.687361419068736,29.31726907630522
-50.687361419068736,32.1285140562249
-50.687361419068736,29.919678714859433
-50.687361419068736,30.32128514056225
-50.687361419068736,30.923694779116463
-50.687361419068736,30.12048192771084
-50.687361419068736,31.726907630522085
-50.687361419068736,31.32530120481928
-50.687361419068736,32.329317269076306
-50.687361419068736,29.518072289156628
-50.687361419068736,30.522088353413658
-50.687361419068736,29.11646586345381
-50.48780487804878,29.919678714859433
-50.48780487804878,31.526104417670687
-50.48780487804878,30.722891566265066
-50.48780487804878,31.12449799196787
-50.48780487804878,30.32128514056225
-50.48780487804878,32.329317269076306
-50.48780487804878,32.1285140562249
-50.48780487804878,30.923694779116463
-50.48780487804878,33.13253012048193
-50.48780487804878,31.92771084337349
-50.48780487804878,30.12048192771084
-50.48780487804878,31.32530120481928
-50.48780487804878,32.93172690763052
-50.48780487804878,31.726907630522085
-50.48780487804878,30.522088353413658
-50.48780487804878,32.53012048192772
-50.48780487804878,32.730923694779115
-50.288248337028826,32.329317269076306
-50.288248337028826,30.923694779116463
-50.288248337028826,33.13253012048193
-50.288248337028826,32.1285140562249
-50.288248337028826,31.92771084337349
-50.288248337028826,31.32530120481928
-50.288248337028826,31.726907630522085
-50.288248337028826,31.12449799196787
-50.288248337028826,33.734939759036145
-50.288248337028826,33.53413654618473
-50.288248337028826,33.333333333333336
-50.288248337028826,30.722891566265066
-50.288248337028826,32.93172690763052
-50.288248337028826,32.730923694779115
-50.288248337028826,31.526104417670687
-50.288248337028826,32.53012048192772
-50.08869179600887,31.726907630522085
-50.08869179600887,34.13654618473896
-50.08869179600887,33.13253012048193
-50.08869179600887,31.526104417670687
-50.08869179600887,31.32530120481928
-50.08869179600887,31.92771084337349
-50.08869179600887,33.333333333333336
-50.08869179600887,32.1285140562249
-50.08869179600887,34.337349397590366
-50.08869179600887,32.53012048192772
-50.08869179600887,33.53413654618473
-50.08869179600887,34.53815261044176
-50.08869179600887,32.730923694779115
-50.08869179600887,32.329317269076306
-50.08869179600887,33.93574297188755
-50.08869179600887,33.734939759036145
-50.08869179600887,32.93172690763052
-49.889135254988915,33.333333333333336
-49.889135254988915,32.329317269076306
-49.889135254988915,33.734939759036145
-49.889135254988915,33.53413654618473
-49.889135254988915,32.1285140562249
-49.889135254988915,33.13253012048193
-49.889135254988915,32.730923694779115
-49.889135254988915,32.53012048192772
-49.889135254988915,32.93172690763052
-49.889135254988915,33.93574297188755
-49.889135254988915,34.53815261044176
-49.889135254988915,34.13654618473896
-49.889135254988915,35.14056224899599
-49.889135254988915,35.34136546184739
-49.889135254988915,34.337349397590366
-49.889135254988915,34.93975903614458
-49.889135254988915,34.738955823293175
-49.689578713968956,34.13654618473896
-49.689578713968956,35.34136546184739
-49.689578713968956,35.14056224899599
-49.689578713968956,32.93172690763052
-49.689578713968956,33.333333333333336
-49.689578713968956,35.54216867469879
-49.689578713968956,33.53413654618473
-49.689578713968956,34.93975903614458
-49.689578713968956,35.7429718875502
-49.689578713968956,34.738955823293175
-49.689578713968956,33.13253012048193
-49.689578713968956,33.93574297188755
-49.689578713968956,33.734939759036145
-49.689578713968956,34.337349397590366
-49.689578713968956,35.94377510040161
-49.689578713968956,34.53815261044176
-49.490022172949,35.34136546184739
-49.490022172949,34.337349397590366
-49.490022172949,36.34538152610441
-49.490022172949,34.13654618473896
-49.490022172949,35.54216867469879
-49.490022172949,35.14056224899599
-49.490022172949,34.53815261044176
-49.490022172949,33.93574297188755
-49.490022172949,34.738955823293175
-49.490022172949,34.93975903614458
-49.490022172949,35.7429718875502
-49.490022172949,36.14457831325302
-49.490022172949,35.94377510040161
-49.490022172949,33.734939759036145
-49.490022172949,33.53413654618473
-49.490022172949,36.54618473895582
-49.290465631929045,35.94377510040161
-49.290465631929045,36.54618473895582
-49.290465631929045,36.94779116465864
-49.290465631929045,35.7429718875502
-49.290465631929045,35.34136546184739
-49.290465631929045,36.74698795180723
-49.290465631929045,37.34939759036144
-49.290465631929045,37.14859437751004
-49.290465631929045,35.54216867469879
-49.290465631929045,34.93975903614458
-49.290465631929045,36.34538152610441
-49.290465631929045,34.337349397590366
-49.290465631929045,36.14457831325302
-49.290465631929045,34.738955823293175
-49.290465631929045,35.14056224899599
-49.290465631929045,34.53815261044176
-49.09090909090909,35.7429718875502
-49.09090909090909,36.74698795180723
-49.09090909090909,34.93975903614458
-49.09090909090909,37.75100401606426
-49.09090909090909,36.14457831325302
-49.09090909090909,37.951807228915655
-49.09090909090909,35.14056224899599
-49.09090909090909,36.54618473895582
-49.09090909090909,35.94377510040161
-49.09090909090909,36.94779116465864
-49.09090909090909,37.14859437751004
-49.09090909090909,35.54216867469879
-49.09090909090909,36.34538152610441
-49.09090909090909,35.34136546184739
-49.09090909090909,37.34939759036144
-49.09090909090909,37.55020080321285
-48.891352549889135,37.951807228915655
-48.891352549889135,37.75100401606426
-48.891352549889135,36.74698795180723
-48.891352549889135,38.15261044176707
-48.891352549889135,36.94779116465864
-48.891352549889135,37.55020080321285
-48.891352549889135,35.94377510040161
-48.891352549889135,38.35341365461847
-48.891352549889135,35.7429718875502
-48.891352549889135,36.34538152610441
-48.891352549889135,38.55421686746988
-48.891352549889135,37.34939759036144
-48.891352549889135,36.54618473895582
-48.891352549889135,37.14859437751004
-48.891352549889135,36.14457831325302
-48.691796008869176,37.14859437751004
-48.691796008869176,37.75100401606426
-48.691796008869176,37.55020080321285
-48.691796008869176,37.34939759036144
-48.691796008869176,38.955823293172685
-48.691796008869176,36.94779116465864
-48.691796008869176,36.34538152610441
-48.691796008869176,37.951807228915655
-48.691796008869176,38.75502008032129
-48.691796008869176,38.15261044176707
-48.691796008869176,36.54618473895582
-48.691796008869176,39.1566265060241
-48.691796008869176,38.35341365461847
-48.691796008869176,36.74698795180723
-48.691796008869176,38.55421686746988
-48.492239467849224,38.75502008032129
-48.492239467849224,39.1566265060241
-48.492239467849224,39.3574297188755
-48.492239467849224,37.55020080321285
-48.492239467849224,38.55421686746988
-48.492239467849224,37.951807228915655
-48.492239467849224,39.75903614457831
-48.492239467849224,37.14859437751004
-48.492239467849224,38.35341365461847
-48.492239467849224,39.959839357429715
-48.492239467849224,37.75100401606426
-48.492239467849224,36.94779116465864
-48.492239467849224,38.955823293172685
-48.492239467849224,38.15261044176707
-48.492239467849224,39.55823293172691
-48.492239467849224,37.34939759036144
-48.292682926829265,39.55823293172691
-48.292682926829265,40.36144578313253
-48.292682926829265,38.955823293172685
-48.292682926829265,38.75502008032129
-48.292682926829265,39.3574297188755
-48.292682926829265,38.55421686746988
-48.292682926829265,39.1566265060241
-48.292682926829265,39.75903614457831
-48.292682926829265,40.56224899598394
-48.292682926829265,38.15261044176707
-48.292682926829265,38.35341365461847
-48.292682926829265,37.951807228915655
-48.292682926829265,37.75100401606426
-48.292682926829265,40.16064257028113
-48.292682926829265,39.959839357429715
-48.09312638580931,40.76305220883534
-48.09312638580931,38.75502008032129
-48.09312638580931,39.55823293172691
-48.09312638580931,40.16064257028113
-48.09312638580931,40.963855421686745
-48.09312638580931,38.55421686746988
-48.09312638580931,38.35341365461847
-48.09312638580931,41.36546184738956
-48.09312638580931,39.3574297188755
-48.09312638580931,39.75903614457831
-48.09312638580931,38.955823293172685
-48.09312638580931,39.1566265060241
-48.09312638580931,39.959839357429715
-48.09312638580931,40.56224899598394
-48.09312638580931,41.164658634538156
-48.09312638580931,40.36144578313253
-47.89356984478936,39.3574297188755
-47.89356984478936,41.56626506024096
-47.89356984478936,40.56224899598394
-47.89356984478936,40.36144578313253
-47.89356984478936,39.55823293172691
-47.89356984478936,39.75903614457831
-47.89356984478936,41.36546184738956
-47.89356984478936,39.959839357429715
-47.89356984478936,41.164658634538156
-47.89356984478936,40.16064257028113
-47.89356984478936,41.76706827309237
-47.89356984478936,41.967871485943775
-47.89356984478936,40.963855421686745
-47.89356984478936,39.1566265060241
-47.89356984478936,38.955823293172685
-47.89356984478936,40.76305220883534
-47.6940133037694,41.967871485943775
-47.6940133037694,40.963855421686745
-47.6940133037694,40.56224899598394
-47.6940133037694,40.16064257028113
-47.6940133037694,41.164658634538156
-47.6940133037694,41.36546184738956
-47.6940133037694,39.959839357429715
-47.6940133037694,42.57028112449799
-47.6940133037694,41.56626506024096
-47.6940133037694,40.36144578313253
-47.6940133037694,40.76305220883534
-47.6940133037694,39.75903614457831
-47.6940133037694,41.76706827309237
-47.6940133037694,42.168674698795186
-47.6940133037694,42.36947791164659
-47.494456762749444,43.172690763052216
-47.494456762749444,41.36546184738956
-47.494456762749444,42.168674698795186
-47.494456762749444,40.963855421686745
-47.494456762749444,41.967871485943775
-47.494456762749444,42.77108433734939
-47.494456762749444,42.971887550200805
-47.494456762749444,42.57028112449799
-47.494456762749444,40.56224899598394
-47.494456762749444,41.56626506024096
-47.494456762749444,41.164658634538156
-47.494456762749444,43.37349397590361
-47.494456762749444,40.36144578313253
-47.494456762749444,41.76706827309237
-47.494456762749444,42.36947791164659
-47.494456762749444,40.76305220883534
-47.29490022172949,42.971887550200805
-47.29490022172949,42.168674698795186
-47.29490022172949,41.164658634538156
-47.29490022172949,43.975903614457835
-47.29490022172949,43.57429718875502
-47.29490022172949,43.37349397590361
-47.29490022172949,41.36546184738956
-47.29490022172949,43.77510040160642
-47.29490022172949,42.77108433734939
-47.29490022172949,41.967871485943775
-47.29490022172949,42.57028112449799
-47.29490022172949,42.36947791164659
-47.29490022172949,41.76706827309237
-47.29490022172949,43.172690763052216
-47.29490022172949,41.56626506024096
-47.09534368070953,43.172690763052216
-47.09534368070953,44.57831325301205
-47.09534368070953,41.76706827309237
-47.09534368070953,44.37751004016064
-47.09534368070953,44.17670682730924
-47.09534368070953,41.967871485943775
-47.09534368070953,43.975903614457835
-47.09534368070953,42.168674698795186
-47.09534368070953,43.77510040160642
-47.09534368070953,42.36947791164659
-47.09534368070953,43.57429718875502
-47.09534368070953,42.57028112449799
-47.09534368070953,42.77108433734939
-47.09534368070953,43.37349397590361
-47.09534368070953,42.971887550200805
-47.09534368070953,44.77911646586345
-46.89578713968958,45.38152610441767
-46.89578713968958,45.18072289156626
-46.89578713968958,42.36947791164659
-46.89578713968958,44.17670682730924
-46.89578713968958,42.971887550200805
-46.89578713968958,43.172690763052216
-46.89578713968958,44.77911646586345
-46.89578713968958,44.37751004016064
-46.89578713968958,42.57028112449799
-46.89578713968958,43.37349397590361
-46.89578713968958,42.77108433734939
-46.89578713968958,43.975903614457835
-46.89578713968958,43.77510040160642
-46.89578713968958,44.57831325301205
-46.89578713968958,43.57429718875502
-46.89578713968958,44.979919678714865
-46.69623059866962,43.975903614457835
-46.69623059866962,45.98393574297188
-46.69623059866962,43.77510040160642
-46.69623059866962,44.17670682730924
-46.69623059866962,44.37751004016064
-46.69623059866962,44.57831325301205
-46.69623059866962,45.78313253012048
-46.69623059866962,45.38152610441767
-46.69623059866962,43.172690763052216
-46.69623059866962,44.77911646586345
-46.69623059866962,45.18072289156626
-46.69623059866962,44.979919678714865
-46.69623059866962,43.37349397590361
-46.69623059866962,45.58232931726908
-46.69623059866962,43.57429718875502
-46.49667405764966,45.58232931726908
-46.49667405764966,46.3855421686747
-46.49667405764966,44.37751004016064
-46.49667405764966,45.18072289156626
-46.49667405764966,44.17670682730924
-46.49667405764966,46.18473895582329
-46.49667405764966,46.58634538152611
-46.49667405764966,43.975903614457835
-46.49667405764966,44.57831325301205
-46.49667405764966,43.77510040160642
-46.49667405764966,45.98393574297188
-46.49667405764966,44.77911646586345
-46.49667405764966,44.979919678714865
-46.49667405764966,45.38152610441767
-46.49667405764966,45.78313253012048
-46.29711751662971,46.98795180722891
-46.29711751662971,46.78714859437751
-46.29711751662971,47.18875502008032
-46.29711751662971,47.389558232931726
-46.29711751662971,44.37751004016064
-46.29711751662971,44.77911646586345
-46.29711751662971,45.38152610441767
-46.29711751662971,46.58634538152611
-46.29711751662971,44.57831325301205
-46.29711751662971,45.18072289156626
-46.29711751662971,45.78313253012048
-46.29711751662971,46.3855421686747
-46.29711751662971,44.979919678714865
-46.29711751662971,45.98393574297188
-46.29711751662971,45.58232931726908
-46.29711751662971,46.18473895582329
-46.09756097560976,45.98393574297188
-46.09756097560976,46.58634538152611
-46.09756097560976,47.59036144578314
-46.09756097560976,47.791164658634536
-46.09756097560976,45.18072289156626
-46.09756097560976,47.99196787148594
-46.09756097560976,45.38152610441767
-46.09756097560976,45.78313253012048
-46.09756097560976,45.58232931726908
-46.09756097560976,47.389558232931726
-46.09756097560976,46.78714859437751
-46.09756097560976,46.18473895582329
-46.09756097560976,46.98795180722891
-46.09756097560976,46.3855421686747
-46.09756097560976,47.18875502008032
-45.8980044345898,47.791164658634536
-45.8980044345898,48.393574297188756
-45.8980044345898,46.58634538152611
-45.8980044345898,46.78714859437751
-45.8980044345898,47.99196787148594
-45.8980044345898,48.59437751004017
-45.8980044345898,46.98795180722891
-45.8980044345898,48.19277108433735
-45.8980044345898,47.389558232931726
-45.8980044345898,45.78313253012048
-45.8980044345898,46.3855421686747
-45.8980044345898,47.18875502008032
-45.8980044345898,47.59036144578314
-45.8980044345898,46.18473895582329
-45.8980044345898,45.98393574297188
-45.69844789356984,47.18875502008032
-45.69844789356984,48.393574297188756
-45.69844789356984,46.78714859437751
-45.69844789356984,49.19678714859438
-45.69844789356984,46.58634538152611
-45.69844789356984,49.397590361445786
-45.69844789356984,47.99196787148594
-45.69844789356984,47.59036144578314
-45.69844789356984,48.99598393574297
-45.69844789356984,48.795180722891565
-45.69844789356984,47.791164658634536
-45.69844789356984,48.59437751004017
-45.69844789356984,47.389558232931726
-45.69844789356984,46.98795180722891
-45.69844789356984,48.19277108433735
-45.49889135254989,49.19678714859438
-45.49889135254989,47.791164658634536
-45.49889135254989,48.795180722891565
-45.49889135254989,50.0
-45.49889135254989,47.99196787148594
-45.49889135254989,48.99598393574297
-45.49889135254989,49.598393574297184
-45.49889135254989,48.59437751004017
-45.49889135254989,49.79919678714859
-45.49889135254989,49.397590361445786
-45.49889135254989,47.389558232931726
-45.49889135254989,48.393574297188756
-45.49889135254989,47.59036144578314
-45.49889135254989,48.19277108433735
-45.49889135254989,47.18875502008032
-45.29933481152993,49.79919678714859
-45.29933481152993,48.795180722891565
-45.29933481152993,47.791164658634536
-45.29933481152993,50.0
-45.29933481152993,48.99598393574297
-45.29933481152993,47.99196787148594
-45.29933481152993,50.60240963855422
-45.29933481152993,50.20080321285141
-45.29933481152993,49.598393574297184
-45.29933481152993,49.19678714859438
-45.29933481152993,48.393574297188756
-45.29933481152993,48.59437751004017
-45.29933481152993,49.397590361445786
-45.29933481152993,48.19277108433735
-45.29933481152993,50.401606425702816
-45.09977827050998,50.0
-45.09977827050998,51.00401606425703
-45.09977827050998,48.795180722891565
-45.09977827050998,48.99598393574297
-45.09977827050998,51.20481927710843
-45.09977827050998,50.401606425702816
-45.09977827050998,50.80321285140562
-45.09977827050998,49.79919678714859
-45.09977827050998,49.397590361445786
-45.09977827050998,50.60240963855422
-45.09977827050998,48.393574297188756
-45.09977827050998,48.59437751004017
-45.09977827050998,50.20080321285141
-45.09977827050998,49.598393574297184
-45.09977827050998,49.19678714859438
-44.90022172949002,49.79919678714859
-44.90022172949002,51.40562248995983
-44.90022172949002,50.20080321285141
-44.90022172949002,51.606425702811244
-44.90022172949002,51.80722891566265
-44.90022172949002,49.19678714859438
-44.90022172949002,51.20481927710843
-44.90022172949002,49.397590361445786
-44.90022172949002,50.401606425702816
-44.90022172949002,51.00401606425703
-44.90022172949002,50.60240963855422
-44.90022172949002,50.80321285140562
-44.90022172949002,49.598393574297184
-44.90022172949002,50.0
-44.70066518847007,49.79919678714859
-44.70066518847007,51.80722891566265
-44.70066518847007,50.60240963855422
-44.70066518847007,51.40562248995983
-44.70066518847007,52.00803212851406
-44.70066518847007,50.0
-44.70066518847007,52.208835341365464
-44.70066518847007,50.20080321285141
-44.70066518847007,52.409638554216876
-44.70066518847007,51.20481927710843
-44.70066518847007,50.401606425702816
-44.70066518847007,51.00401606425703
-44.70066518847007,50.80321285140562
-44.70066518847007,51.606425702811244
-44.50110864745012,51.40562248995983
-44.50110864745012,51.20481927710843
-44.50110864745012,50.401606425702816
-44.50110864745012,51.00401606425703
-44.50110864745012,50.60240963855422
-44.50110864745012,51.606425702811244
-44.50110864745012,51.80722891566265
-44.50110864745012,50.80321285140562
-44.50110864745012,52.610441767068274
-44.50110864745012,52.208835341365464
-44.50110864745012,52.81124497991968
-44.50110864745012,53.012048192771076
-44.50110864745012,52.00803212851406
-44.50110864745012,52.409638554216876
-44.30155210643015,52.610441767068274
-44.30155210643015,51.40562248995983
-44.30155210643015,51.20481927710843
-44.30155210643015,53.21285140562249
-44.30155210643015,52.208835341365464
-44.30155210643015,51.00401606425703
-44.30155210643015,53.6144578313253
-44.30155210643015,51.80722891566265
-44.30155210643015,52.409638554216876
-44.30155210643015,53.41365461847389
-44.30155210643015,51.606425702811244
-44.30155210643015,52.00803212851406
-44.30155210643015,53.012048192771076
-44.30155210643015,52.81124497991968
-44.1019955654102,54.41767068273092
-44.1019955654102,53.012048192771076
-44.1019955654102,52.81124497991968
-44.1019955654102,53.41365461847389
-44.1019955654102,54.01606425702812
-44.1019955654102,52.610441767068274
-44.1019955654102,53.21285140562249
-44.1019955654102,53.81526104417671
-44.1019955654102,52.409638554216876
-44.1019955654102,53.6144578313253
-44.1019955654102,51.80722891566265
-44.1019955654102,54.216867469879524
-44.1019955654102,52.00803212851406
-44.1019955654102,52.208835341365464
-44.1019955654102,51.606425702811244
-43.90243902439024,53.41365461847389
-43.90243902439024,54.81927710843373
-43.90243902439024,54.41767068273092
-43.90243902439024,53.21285140562249
-43.90243902439024,54.216867469879524
-43.90243902439024,53.81526104417671
-43.90243902439024,55.020080321285135
-43.90243902439024,54.01606425702812
-43.90243902439024,52.208835341365464
-43.90243902439024,54.61847389558233
-43.90243902439024,52.81124497991968
-43.90243902439024,52.409638554216876
-43.90243902439024,53.6144578313253
-43.90243902439024,53.012048192771076
-43.90243902439024,52.610441767068274
-43.70288248337029,53.012048192771076
-43.70288248337029,53.81526104417671
-43.70288248337029,53.21285140562249
-43.70288248337029,52.81124497991968
-43.70288248337029,54.216867469879524
-43.70288248337029,54.01606425702812
-43.70288248337029,53.6144578313253
-43.70288248337029,53.41365461847389
-43.70288248337029,55.62248995983936
-43.70288248337029,54.81927710843373
-43.70288248337029,55.42168674698795
-43.70288248337029,55.020080321285135
-43.70288248337029,54.61847389558233
-43.70288248337029,54.41767068273092
-43.70288248337029,55.22088353413655
-43.50332594235034,55.42168674698795
-43.50332594235034,53.81526104417671
-43.50332594235034,55.020080321285135
-43.50332594235034,54.216867469879524
-43.50332594235034,54.01606425702812
-43.50332594235034,56.22489959839358
-43.50332594235034,55.22088353413655
-43.50332594235034,55.62248995983936
-43.50332594235034,53.6144578313253
-43.50332594235034,54.41767068273092
-43.50332594235034,54.81927710843373
-43.50332594235034,54.61847389558233
-43.50332594235034,56.02409638554218
-43.50332594235034,55.82329317269077
-43.30376940133038,55.020080321285135
-43.30376940133038,56.827309236947784
-43.30376940133038,56.62650602409638
-43.30376940133038,54.81927710843373
-43.30376940133038,56.42570281124498
-43.30376940133038,56.02409638554218
-43.30376940133038,55.42168674698795
-43.30376940133038,54.216867469879524
-43.30376940133038,55.22088353413655
-43.30376940133038,56.22489959839358
-43.30376940133038,54.41767068273092
-43.30376940133038,54.61847389558233
-43.30376940133038,55.62248995983936
-43.30376940133038,55.82329317269077
-43.10421286031042,55.42168674698795
-43.10421286031042,55.22088353413655
-43.10421286031042,56.827309236947784
-43.10421286031042,56.42570281124498
-43.10421286031042,56.02409638554218
-43.10421286031042,55.82329317269077
-43.10421286031042,55.020080321285135
-43.10421286031042,56.62650602409638
-43.10421286031042,57.028112449799195
-43.10421286031042,54.81927710843373
-43.10421286031042,56.22489959839358
-43.10421286031042,57.22891566265061
-43.10421286031042,55.62248995983936
-43.10421286031042,54.61847389558233
-42.90465631929046,56.62650602409638
-42.90465631929046,57.831325301204814
-42.90465631929046,56.22489959839358
-42.90465631929046,57.630522088353416
-42.90465631929046,57.22891566265061
-42.90465631929046,55.22088353413655
-42.90465631929046,57.028112449799195
-42.90465631929046,56.42570281124498
-42.90465631929046,56.02409638554218
-42.90465631929046,55.62248995983936
-42.90465631929046,57.42971887550201
-42.90465631929046,55.82329317269077
-42.90465631929046,55.42168674698795
-42.90465631929046,56.827309236947784
-42.70509977827051,58.43373493975903
-42.70509977827051,56.62650602409638
-42.70509977827051,56.22489959839358
-42.70509977827051,56.42570281124498
-42.70509977827051,56.02409638554218
-42.70509977827051,57.630522088353416
-42.70509977827051,57.22891566265061
-42.70509977827051,58.23293172690763
-42.70509977827051,56.827309236947784
-42.70509977827051,58.032128514056225
-42.70509977827051,57.028112449799195
-42.70509977827051,57.831325301204814
-42.70509977827051,57.42971887550201
-42.505543237250556,58.63453815261044
-42.505543237250556,57.42971887550201
-42.505543237250556,59.036144578313255
-42.505543237250556,56.827309236947784
-42.505543237250556,58.032128514056225
-42.505543237250556,57.630522088353416
-42.505543237250556,57.22891566265061
-42.505543237250556,58.43373493975903
-42.505543237250556,58.835341365461844
-42.505543237250556,57.831325301204814
-42.505543237250556,56.62650602409638
-42.505543237250556,57.028112449799195
-42.505543237250556,58.23293172690763
-42.3059866962306,58.63453815261044
-42.3059866962306,57.22891566265061
-42.3059866962306,58.23293172690763
-42.3059866962306,58.43373493975903
-42.3059866962306,59.036144578313255
-42.3059866962306,58.032128514056225
-42.3059866962306,57.831325301204814
-42.3059866962306,57.42971887550201
-42.3059866962306,59.63855421686747
-42.3059866962306,57.630522088353416
-42.3059866962306,58.835341365461844
-42.3059866962306,59.43775100401607
-42.3059866962306,59.23694779116466
-42.106430155210646,57.831325301204814
-42.106430155210646,58.835341365461844
-42.106430155210646,59.83935742971887
-42.106430155210646,59.036144578313255
-42.106430155210646,58.032128514056225
-42.106430155210646,58.63453815261044
-42.106430155210646,60.24096385542168
-42.106430155210646,58.43373493975903
-42.106430155210646,59.43775100401607
-42.106430155210646,60.040160642570285
-42.106430155210646,58.23293172690763
-42.106430155210646,59.63855421686747
-42.106430155210646,57.630522088353416
-42.106430155210646,59.23694779116466
-41.90687361419068,58.43373493975903
-41.90687361419068,58.23293172690763
-41.90687361419068,58.63453815261044
-41.90687361419068,60.040160642570285
-41.90687361419068,58.835341365461844
-41.90687361419068,59.036144578313255
-41.90687361419068,59.23694779116466
-41.90687361419068,60.6425702811245
-41.90687361419068,60.24096385542168
-41.90687361419068,59.43775100401607
-41.90687361419068,59.63855421686747
-41.90687361419068,60.44176706827309
-41.90687361419068,59.83935742971887
-41.70731707317073,60.44176706827309
-41.70731707317073,60.6425702811245
-41.70731707317073,60.24096385542168
-41.70731707317073,60.8433734939759
-41.70731707317073,60.040160642570285
-41.70731707317073,61.044176706827315
-41.70731707317073,59.83935742971887
-41.70731707317073,59.63855421686747
-41.70731707317073,59.43775100401607
-41.70731707317073,58.835341365461844
-41.70731707317073,59.23694779116466
-41.70731707317073,59.036144578313255
-41.70731707317073,61.24497991967872
-41.507760532150776,61.44578313253012
-41.507760532150776,61.64658634538153
-41.507760532150776,61.044176706827315
-41.507760532150776,61.847389558232926
-41.507760532150776,60.8433734939759
-41.507760532150776,60.6425702811245
-41.507760532150776,61.24497991967872
-41.507760532150776,59.63855421686747
-41.507760532150776,60.44176706827309
-41.507760532150776,59.83935742971887
-41.507760532150776,60.24096385542168
-41.507760532150776,59.43775100401607
-41.507760532150776,60.040160642570285
-41.308203991130824,61.847389558232926
-41.308203991130824,61.44578313253012
-41.308203991130824,60.6425702811245
-41.308203991130824,60.040160642570285
-41.308203991130824,61.24497991967872
-41.308203991130824,62.04819277108433
-41.308203991130824,61.64658634538153
-41.308203991130824,60.24096385542168
-41.308203991130824,61.044176706827315
-41.308203991130824,62.24899598393574
-41.308203991130824,60.8433734939759
-41.308203991130824,60.44176706827309
-41.308203991130824,59.83935742971887
-41.108647450110865,62.04819277108433
-41.108647450110865,62.44979919678715
-41.108647450110865,62.65060240963856
-41.108647450110865,62.85140562248996
-41.108647450110865,61.847389558232926
-41.108647450110865,62.24899598393574
-41.108647450110865,60.6425702811245
-41.108647450110865,61.64658634538153
-41.108647450110865,61.44578313253012
-41.108647450110865,61.044176706827315
-41.108647450110865,60.8433734939759
-41.108647450110865,61.24497991967872
-41.108647450110865,60.44176706827309
-40.909090909090914,62.44979919678715
-40.909090909090914,61.044176706827315
-40.909090909090914,62.85140562248996
-40.909090909090914,61.24497991967872
-40.909090909090914,62.24899598393574
-40.909090909090914,63.25301204819277
-40.909090909090914,62.04819277108433
-40.909090909090914,61.44578313253012
-40.909090909090914,61.64658634538153
-40.909090909090914,61.847389558232926
-40.909090909090914,63.052208835341375
-40.909090909090914,62.65060240963856
-40.70953436807095,63.25301204819277
-40.70953436807095,63.052208835341375
-40.70953436807095,62.85140562248996
-40.70953436807095,63.45381526104418
-40.70953436807095,61.847389558232926
-40.70953436807095,63.654618473895574
-40.70953436807095,62.44979919678715
-40.70953436807095,63.85542168674698
-40.70953436807095,62.24899598393574
-40.70953436807095,62.04819277108433
-40.70953436807095,61.64658634538153
-40.70953436807095,62.65060240963856
-40.509977827050996,63.654618473895574
-40.509977827050996,63.85542168674698
-40.509977827050996,63.45381526104418
-40.509977827050996,64.05622489959839
-40.509977827050996,63.25301204819277
-40.509977827050996,62.04819277108433
-40.509977827050996,64.2570281124498
-40.509977827050996,62.65060240963856
-40.509977827050996,62.85140562248996
-40.509977827050996,62.24899598393574
-40.509977827050996,63.052208835341375
-40.509977827050996,62.44979919678715
-40.310421286031044,64.45783132530121
-40.310421286031044,63.45381526104418
-40.310421286031044,64.2570281124498
-40.310421286031044,62.65060240963856
-40.310421286031044,63.654618473895574
-40.310421286031044,64.05622489959839
-40.310421286031044,62.85140562248996
-40.310421286031044,63.25301204819277
-40.310421286031044,63.85542168674698
-40.310421286031044,64.85943775100402
-40.310421286031044,64.65863453815261
-40.310421286031044,63.052208835341375
-40.110864745011085,64.2570281124498
-40.110864745011085,64.45783132530121
-40.110864745011085,65.46184738955823
-40.110864745011085,64.85943775100402
-40.110864745011085,65.06024096385542
-40.110864745011085,63.654618473895574
-40.110864745011085,63.052208835341375
-40.110864745011085,65.26104417670683
-40.110864745011085,63.45381526104418
-40.110864745011085,63.25301204819277
-40.110864745011085,64.05622489959839
-40.110864745011085,63.85542168674698
-40.110864745011085,64.65863453815261
-39.91130820399113,65.26104417670683
-39.91130820399113,63.85542168674698
-39.91130820399113,64.65863453815261
-39.91130820399113,64.05622489959839
-39.91130820399113,64.85943775100402
-39.91130820399113,65.66265060240963
-39.91130820399113,63.654618473895574
-39.91130820399113,65.86345381526104
-39.91130820399113,65.06024096385542
-39.91130820399113,65.46184738955823
-39.91130820399113,64.45783132530121
-39.91130820399113,64.2570281124498
-39.71175166297118,64.45783132530121
-39.71175166297118,64.85943775100402
-39.71175166297118,66.06425702811245
-39.71175166297118,65.46184738955823
-39.71175166297118,64.05622489959839
-39.71175166297118,65.66265060240963
-39.71175166297118,65.26104417670683
-39.71175166297118,64.2570281124498
-39.71175166297118,65.06024096385542
-39.71175166297118,64.65863453815261
-39.71175166297118,66.26506024096386
-39.71175166297118,65.86345381526104
-39.512195121951216,64.85943775100402
-39.512195121951216,66.46586345381526
-39.512195121951216,66.26506024096386
-39.512195121951216,65.06024096385542
-39.512195121951216,66.06425702811245
-39.512195121951216,66.66666666666667
-39.512195121951216,65.86345381526104
-39.512195121951216,64.65863453815261
-39.512195121951216,65.46184738955823
-39.512195121951216,65.66265060240963
-39.512195121951216,65.26104417670683
-39.312638580931264,65.06024096385542
-39.312638580931264,66.06425702811245
-39.312638580931264,65.46184738955823
-39.312638580931264,65.66265060240963
-39.312638580931264,66.26506024096386
-39.312638580931264,65.26104417670683
-39.312638580931264,67.06827309236948
-39.312638580931264,66.86746987951807
-39.312638580931264,66.46586345381526
-39.312638580931264,66.66666666666667
-39.312638580931264,65.86345381526104
-39.113082039911305,65.66265060240963
-39.113082039911305,65.86345381526104
-39.113082039911305,66.06425702811245
-39.113082039911305,67.06827309236948
-39.113082039911305,66.26506024096386
-39.113082039911305,66.46586345381526
-39.113082039911305,67.46987951807229
-39.113082039911305,66.66666666666667
-39.113082039911305,67.26907630522088
-39.113082039911305,66.86746987951807
-38.91352549889135,67.8714859437751
-38.91352549889135,67.67068273092369
-38.91352549889135,67.46987951807229
-38.91352549889135,67.26907630522088
-38.91352549889135,66.26506024096386
-38.91352549889135,66.06425702811245
-38.91352549889135,66.86746987951807
-38.91352549889135,66.66666666666667
-38.91352549889135,66.46586345381526
-38.91352549889135,67.06827309236948
-38.7139689578714,67.26907630522088
-38.7139689578714,67.06827309236948
-38.7139689578714,67.46987951807229
-38.7139689578714,66.86746987951807
-38.7139689578714,67.67068273092369
-38.7139689578714,66.66666666666667
-38.7139689578714,67.8714859437751
-38.7139689578714,68.27309236947792
-38.7139689578714,66.46586345381526
-38.7139689578714,68.07228915662651
-38.51441241685144,66.86746987951807
-38.51441241685144,68.47389558232932
-38.51441241685144,68.07228915662651
-38.51441241685144,67.8714859437751
-38.51441241685144,68.27309236947792
-38.51441241685144,68.67469879518072
-38.51441241685144,67.46987951807229
-38.51441241685144,67.06827309236948
-38.51441241685144,67.67068273092369
-38.51441241685144,67.26907630522088
-38.31485587583149,68.87550200803213
-38.31485587583149,67.67068273092369
-38.31485587583149,68.47389558232932
-38.31485587583149,67.8714859437751
-38.31485587583149,69.07630522088353
-38.31485587583149,67.26907630522088
-38.31485587583149,68.27309236947792
-38.31485587583149,67.46987951807229
-38.31485587583149,68.07228915662651
-38.31485587583149,68.67469879518072
-38.115299334811525,68.87550200803213
-38.115299334811525,67.67068273092369
-38.115299334811525,68.47389558232932
-38.115299334811525,69.47791164658635
-38.115299334811525,67.8714859437751
-38.115299334811525,68.07228915662651
-38.115299334811525,68.27309236947792
-38.115299334811525,69.07630522088353
-38.115299334811525,69.27710843373494
-38.115299334811525,68.67469879518072
-37.91574279379157,69.27710843373494
-37.91574279379157,68.07228915662651
-37.91574279379157,69.67871485943775
-37.91574279379157,68.27309236947792
-37.91574279379157,68.87550200803213
-37.91574279379157,69.87951807228916
-37.91574279379157,69.07630522088353
-37.91574279379157,68.47389558232932
-37.91574279379157,68.67469879518072
-37.91574279379157,69.47791164658635
-37.71618625277162,68.47389558232932
-37.71618625277162,68.67469879518072
-37.71618625277162,69.07630522088353
-37.71618625277162,68.87550200803213
-37.71618625277162,69.87951807228916
-37.71618625277162,69.27710843373494
-37.71618625277162,69.67871485943775
-37.71618625277162,70.08032128514057
-37.71618625277162,69.47791164658635
-37.51662971175166,69.07630522088353
-37.51662971175166,69.67871485943775
-37.51662971175166,69.27710843373494
-37.51662971175166,68.87550200803213
-37.51662971175166,69.47791164658635
-37.51662971175166,70.48192771084338
-37.51662971175166,69.87951807228916
-37.51662971175166,70.28112449799198
-37.51662971175166,70.08032128514057
-37.31707317073171,70.28112449799198
-37.31707317073171,70.68273092369478
-37.31707317073171,70.48192771084338
-37.31707317073171,69.27710843373494
-37.31707317073171,69.47791164658635
-37.31707317073171,70.08032128514057
-37.31707317073171,69.87951807228916
-37.31707317073171,69.67871485943775
-37.11751662971176,69.67871485943775
-37.11751662971176,70.68273092369478
-37.11751662971176,69.47791164658635
-37.11751662971176,70.88353413654617
-37.11751662971176,70.28112449799198
-37.11751662971176,69.87951807228916
-37.11751662971176,71.08433734939759
-37.11751662971176,70.48192771084338
-37.11751662971176,70.08032128514057
-36.91796008869179,69.87951807228916
-36.91796008869179,70.68273092369478
-36.91796008869179,70.88353413654617
-36.91796008869179,70.48192771084338
-36.91796008869179,71.4859437751004
-36.91796008869179,71.08433734939759
-36.91796008869179,70.28112449799198
-36.91796008869179,70.08032128514057
-36.91796008869179,71.285140562249
-36.71840354767184,71.08433734939759
-36.71840354767184,71.4859437751004
-36.71840354767184,71.88755020080322
-36.71840354767184,70.28112449799198
-36.71840354767184,70.68273092369478
-36.71840354767184,71.285140562249
-36.71840354767184,70.88353413654617
-36.71840354767184,70.48192771084338
-36.71840354767184,71.6867469879518
-36.51884700665188,72.08835341365463
-36.51884700665188,70.88353413654617
-36.51884700665188,71.88755020080322
-36.51884700665188,70.68273092369478
-36.51884700665188,71.08433734939759
-36.51884700665188,71.4859437751004
-36.51884700665188,71.285140562249
-36.51884700665188,71.6867469879518
-36.31929046563193,72.08835341365463
-36.31929046563193,72.48995983935743
-36.31929046563193,71.88755020080322
-36.31929046563193,71.08433734939759
-36.31929046563193,71.4859437751004
-36.31929046563193,71.285140562249
-36.31929046563193,72.28915662650603
-36.31929046563193,70.88353413654617
-36.31929046563193,71.6867469879518
-36.11973392461198,72.28915662650603
-36.11973392461198,71.285140562249
-36.11973392461198,71.4859437751004
-36.11973392461198,72.89156626506023
-36.11973392461198,72.48995983935743
-36.11973392461198,72.08835341365463
-36.11973392461198,71.88755020080322
-36.11973392461198,71.6867469879518
-36.11973392461198,72.69076305220882
-35.92017738359202,72.48995983935743
-35.92017738359202,71.88755020080322
-35.92017738359202,72.28915662650603
-35.92017738359202,72.69076305220882
-35.92017738359202,72.08835341365463
-35.92017738359202,73.09236947791165
-35.92017738359202,71.6867469879518
-35.92017738359202,72.89156626506023
-35.72062084257206,72.69076305220882
-35.72062084257206,72.89156626506023
-35.72062084257206,72.08835341365463
-35.72062084257206,72.48995983935743
-35.72062084257206,73.29317269076306
-35.72062084257206,71.88755020080322
-35.72062084257206,73.09236947791165
-35.72062084257206,73.49397590361446
-35.72062084257206,72.28915662650603
-35.5210643015521,72.28915662650603
-35.5210643015521,73.69477911646587
-35.5210643015521,72.48995983935743
-35.5210643015521,72.69076305220882
-35.5210643015521,73.49397590361446
-35.5210643015521,72.89156626506023
-35.5210643015521,73.29317269076306
-35.5210643015521,73.09236947791165
-35.32150776053215,73.89558232931726
-35.32150776053215,73.69477911646587
-35.32150776053215,73.49397590361446
-35.32150776053215,74.09638554216868
-35.32150776053215,73.29317269076306
-35.32150776053215,73.09236947791165
-35.32150776053215,72.89156626506023
-35.32150776053215,72.69076305220882
-35.32150776053215,72.48995983935743
-35.1219512195122,73.29317269076306
-35.1219512195122,73.09236947791165
-35.1219512195122,73.49397590361446
-35.1219512195122,72.89156626506023
-35.1219512195122,74.09638554216868
-35.1219512195122,74.29718875502009
-35.1219512195122,73.69477911646587
-35.1219512195122,73.89558232931726
-34.92239467849224,74.69879518072288
-34.92239467849224,74.49799196787149
-34.92239467849224,74.09638554216868
-34.92239467849224,74.29718875502009
-34.92239467849224,73.69477911646587
-34.92239467849224,73.49397590361446
-34.92239467849224,73.29317269076306
-34.92239467849224,73.89558232931726
-34.72283813747229,73.89558232931726
-34.72283813747229,74.09638554216868
-34.72283813747229,74.69879518072288
-34.72283813747229,74.8995983935743
-34.72283813747229,73.69477911646587
-34.72283813747229,73.49397590361446
-34.72283813747229,74.29718875502009
-34.72283813747229,74.49799196787149
-34.52328159645232,74.8995983935743
-34.52328159645232,75.1004016064257
-34.52328159645232,74.69879518072288
-34.52328159645232,74.49799196787149
-34.52328159645232,75.30120481927712
-34.52328159645232,74.29718875502009
-34.52328159645232,74.09638554216868
-34.52328159645232,73.89558232931726
-34.32372505543237,74.49799196787149
-34.32372505543237,74.69879518072288
-34.32372505543237,74.29718875502009
-34.32372505543237,75.50200803212851
-34.32372505543237,74.09638554216868
-34.32372505543237,74.8995983935743
-34.32372505543237,75.30120481927712
-34.32372505543237,75.1004016064257
-34.12416851441242,74.49799196787149
-34.12416851441242,74.69879518072288
-34.12416851441242,74.8995983935743
-34.12416851441242,75.1004016064257
-34.12416851441242,75.90361445783132
-34.12416851441242,75.70281124497991
-34.12416851441242,75.30120481927712
-34.12416851441242,75.50200803212851
-33.92461197339246,74.69879518072288
-33.92461197339246,75.30120481927712
-33.92461197339246,75.50200803212851
-33.92461197339246,75.70281124497991
-33.92461197339246,74.8995983935743
-33.92461197339246,75.1004016064257
-33.92461197339246,75.90361445783132
-33.92461197339246,76.10441767068274
-33.72505543237251,76.50602409638554
-33.72505543237251,75.90361445783132
-33.72505543237251,75.70281124497991
-33.72505543237251,76.30522088353413
-33.72505543237251,75.30120481927712
-33.72505543237251,76.10441767068274
-33.72505543237251,75.50200803212851
-33.72505543237251,75.1004016064257
-33.525498891352555,75.90361445783132
-33.525498891352555,75.50200803212851
-33.525498891352555,75.70281124497991
-33.525498891352555,76.10441767068274
-33.525498891352555,76.50602409638554
-33.525498891352555,76.30522088353413
-33.525498891352555,76.70682730923694
-33.525498891352555,75.30120481927712
-33.32594235033259,76.30522088353413
-33.32594235033259,76.10441767068274
-33.32594235033259,76.50602409638554
-33.32594235033259,75.70281124497991
-33.32594235033259,75.90361445783132
-33.32594235033259,77.10843373493977
-33.32594235033259,76.90763052208835
-33.32594235033259,76.70682730923694
-33.12638580931264,76.10441767068274
-33.12638580931264,75.90361445783132
-33.12638580931264,77.30923694779118
-33.12638580931264,76.90763052208835
-33.12638580931264,77.10843373493977
-33.12638580931264,76.30522088353413
-33.12638580931264,76.50602409638554
-33.12638580931264,76.70682730923694
-32.926829268292686,76.90763052208835
-32.926829268292686,76.50602409638554
-32.926829268292686,77.10843373493977
-32.926829268292686,77.30923694779118
-32.926829268292686,76.70682730923694
-32.926829268292686,76.30522088353413
-32.926829268292686,77.51004016064257
-32.72727272727273,76.70682730923694
-32.72727272727273,77.91164658634538
-32.72727272727273,76.50602409638554
-32.72727272727273,77.10843373493977
-32.72727272727273,77.51004016064257
-32.72727272727273,77.71084337349397
-32.72727272727273,77.30923694779118
-32.72727272727273,76.90763052208835
-32.527716186252775,76.90763052208835
-32.527716186252775,78.11244979919678
-32.527716186252775,77.30923694779118
-32.527716186252775,77.71084337349397
-32.527716186252775,77.91164658634538
-32.527716186252775,77.10843373493977
-32.527716186252775,77.51004016064257
-32.527716186252775,76.70682730923694
-32.32815964523282,77.71084337349397
-32.32815964523282,78.3132530120482
-32.32815964523282,77.51004016064257
-32.32815964523282,78.11244979919678
-32.32815964523282,77.10843373493977
-32.32815964523282,77.91164658634538
-32.32815964523282,77.30923694779118
-32.12860310421286,77.51004016064257
-32.12860310421286,77.30923694779118
-32.12860310421286,78.714859437751
-32.12860310421286,77.91164658634538
-32.12860310421286,77.71084337349397
-32.12860310421286,78.3132530120482
-32.12860310421286,78.11244979919678
-32.12860310421286,78.5140562248996
-31.929046563192905,78.91566265060241
-31.929046563192905,77.91164658634538
-31.929046563192905,78.3132530120482
-31.929046563192905,78.714859437751
-31.929046563192905,78.11244979919678
-31.929046563192905,77.71084337349397
-31.929046563192905,78.5140562248996
-31.729490022172946,79.11646586345383
-31.729490022172946,78.3132530120482
-31.729490022172946,78.11244979919678
-31.729490022172946,78.714859437751
-31.729490022172946,78.91566265060241
-31.729490022172946,77.91164658634538
-31.729490022172946,78.5140562248996
-31.529933481152995,78.714859437751
-31.529933481152995,79.11646586345383
-31.529933481152995,79.31726907630522
-31.529933481152995,78.3132530120482
-31.529933481152995,78.91566265060241
-31.529933481152995,78.5140562248996
-31.529933481152995,78.11244979919678
-31.330376940133043,78.91566265060241
-31.330376940133043,79.31726907630522
-31.330376940133043,79.11646586345383
-31.330376940133043,78.714859437751
-31.330376940133043,79.71887550200803
-31.330376940133043,79.51807228915662
-31.330376940133043,78.5140562248996
-31.130820399113084,79.31726907630522
-31.130820399113084,79.91967871485943
-31.130820399113084,79.71887550200803
-31.130820399113084,78.91566265060241
-31.130820399113084,78.714859437751
-31.130820399113084,79.51807228915662
-31.130820399113084,79.11646586345383
-30.931263858093125,79.11646586345383
-30.931263858093125,79.71887550200803
-30.931263858093125,79.31726907630522
-30.931263858093125,80.12048192771084
-30.931263858093125,78.91566265060241
-30.931263858093125,79.51807228915662
-30.931263858093125,79.91967871485943
-30.731707317073166,79.51807228915662
-30.731707317073166,80.32128514056225
-30.731707317073166,79.31726907630522
-30.731707317073166,80.12048192771084
-30.731707317073166,79.71887550200803
-30.731707317073166,79.91967871485943
-30.532150776053214,80.52208835341365
-30.532150776053214,80.32128514056225
-30.532150776053214,79.71887550200803
-30.532150776053214,80.72289156626506
-30.532150776053214,80.12048192771084
-30.532150776053214,79.91967871485943
-30.532150776053214,79.51807228915662
-30.332594235033262,80.32128514056225
-30.332594235033262,80.72289156626506
-30.332594235033262,80.12048192771084
-30.332594235033262,80.52208835341365
-30.332594235033262,80.92369477911646
-30.332594235033262,79.91967871485943
-30.332594235033262,79.71887550200803
-30.133037694013304,80.12048192771084
-30.133037694013304,80.52208835341365
-30.133037694013304,79.91967871485943
-30.133037694013304,80.72289156626506
-30.133037694013304,80.32128514056225
-30.133037694013304,81.12449799196787
-30.133037694013304,80.92369477911646
-29.93348115299335,80.72289156626506
-29.93348115299335,80.52208835341365
-29.93348115299335,81.32530120481928
-29.93348115299335,80.12048192771084
-29.93348115299335,80.32128514056225
-29.93348115299335,81.12449799196787
-29.93348115299335,80.92369477911646
-29.733924611973386,81.52610441767068
-29.733924611973386,80.72289156626506
-29.733924611973386,81.12449799196787
-29.733924611973386,80.92369477911646
-29.733924611973386,81.32530120481928
-29.733924611973386,80.52208835341365
-29.534368070953434,81.12449799196787
-29.534368070953434,80.72289156626506
-29.534368070953434,81.92771084337349
-29.534368070953434,81.72690763052208
-29.534368070953434,81.32530120481928
-29.534368070953434,81.52610441767068
-29.534368070953434,80.92369477911646
-29.334811529933482,81.12449799196787
-29.334811529933482,81.52610441767068
-29.334811529933482,81.32530120481928
-29.334811529933482,81.72690763052208
-29.334811529933482,81.92771084337349
-29.334811529933482,80.92369477911646
-29.334811529933482,82.1285140562249
-29.135254988913523,81.72690763052208
-29.135254988913523,82.1285140562249
-29.135254988913523,81.52610441767068
-29.135254988913523,81.12449799196787
-29.135254988913523,81.92771084337349
-29.135254988913523,81.32530120481928
-28.93569844789357,81.72690763052208
-28.93569844789357,81.32530120481928
-28.93569844789357,82.1285140562249
-28.93569844789357,81.52610441767068
-28.93569844789357,82.32931726907631
-28.93569844789357,81.92771084337349
-28.73614190687362,81.52610441767068
-28.73614190687362,82.1285140562249
-28.73614190687362,81.72690763052208
-28.73614190687362,82.53012048192771
-28.73614190687362,81.92771084337349
-28.73614190687362,82.73092369477911
-28.73614190687362,82.32931726907631
-28.536585365853654,82.1285140562249
-28.536585365853654,82.53012048192771
-28.536585365853654,81.72690763052208
-28.536585365853654,81.92771084337349
-28.536585365853654,82.73092369477911
-28.536585365853654,82.32931726907631
-28.337028824833702,82.1285140562249
-28.337028824833702,81.92771084337349
-28.337028824833702,82.32931726907631
-28.337028824833702,82.93172690763052
-28.337028824833702,82.53012048192771
-28.337028824833702,82.73092369477911
-28.137472283813743,82.53012048192771
-28.137472283813743,82.32931726907631
-28.137472283813743,82.73092369477911
-28.137472283813743,83.13253012048193
-28.137472283813743,82.1285140562249
-28.137472283813743,82.93172690763052
-27.93791574279379,83.53413654618474
-27.93791574279379,82.32931726907631
-27.93791574279379,82.93172690763052
-27.93791574279379,82.53012048192771
-27.93791574279379,83.13253012048193
-27.93791574279379,83.33333333333334
-27.93791574279379,82.73092369477911
-27.73835920177384,83.13253012048193
-27.73835920177384,83.33333333333334
-27.73835920177384,83.73493975903614
-27.73835920177384,83.53413654618474
-27.73835920177384,82.53012048192771
-27.73835920177384,82.73092369477911
-27.73835920177384,82.93172690763052
-27.53880266075388,83.13253012048193
-27.53880266075388,83.53413654618474
-27.53880266075388,82.93172690763052
-27.53880266075388,83.33333333333334
-27.53880266075388,82.73092369477911
-27.53880266075388,83.73493975903614
-27.33924611973392,82.93172690763052
-27.33924611973392,83.93574297188755
-27.33924611973392,83.73493975903614
-27.33924611973392,83.33333333333334
-27.33924611973392,83.13253012048193
-27.33924611973392,83.53413654618474
-27.139689578713963,83.93574297188755
-27.139689578713963,84.13654618473896
-27.139689578713963,83.53413654618474
-27.139689578713963,83.73493975903614
-27.139689578713963,83.13253012048193
-27.139689578713963,83.33333333333334
-26.94013303769401,83.53413654618474
-26.94013303769401,84.13654618473896
-26.94013303769401,84.53815261044177
-26.94013303769401,83.73493975903614
-26.94013303769401,84.33734939759037
-26.94013303769401,83.93574297188755
-26.94013303769401,83.33333333333334
-26.74057649667406,84.53815261044177
-26.74057649667406,84.13654618473896
-26.74057649667406,83.93574297188755
-26.74057649667406,84.33734939759037
-26.74057649667406,83.73493975903614
-26.74057649667406,83.53413654618474
-26.74057649667406,84.73895582329317
-26.541019955654107,84.13654618473896
-26.541019955654107,83.93574297188755
-26.541019955654107,84.93975903614458
-26.541019955654107,84.33734939759037
-26.541019955654107,84.73895582329317
-26.541019955654107,84.53815261044177
-26.541019955654107,83.73493975903614
-26.34146341463415,84.53815261044177
-26.34146341463415,84.33734939759037
-26.34146341463415,84.93975903614458
-26.34146341463415,85.14056224899599
-26.34146341463415,83.93574297188755
-26.34146341463415,84.13654618473896
-26.34146341463415,84.73895582329317
-26.141906873614182,84.13654618473896
-26.141906873614182,85.34136546184739
-26.141906873614182,84.93975903614458
-26.141906873614182,84.33734939759037
-26.141906873614182,84.53815261044177
-26.141906873614182,85.14056224899599
-26.141906873614182,84.73895582329317
-25.94235033259423,84.73895582329317
-25.94235033259423,84.93975903614458
-25.94235033259423,85.54216867469879
-25.94235033259423,85.14056224899599
-25.94235033259423,85.34136546184739
-25.94235033259423,84.53815261044177
-25.74279379157427,85.54216867469879
-25.74279379157427,85.7429718875502
-25.74279379157427,85.14056224899599
-25.74279379157427,84.93975903614458
-25.74279379157427,85.34136546184739
-25.74279379157427,84.73895582329317
-25.543237250554327,85.54216867469879
-25.543237250554327,85.94377510040161
-25.543237250554327,85.14056224899599
-25.543237250554327,84.93975903614458
-25.543237250554327,85.34136546184739
-25.543237250554327,85.7429718875502
-25.543237250554327,84.73895582329317
-25.343680709534368,85.94377510040161
-25.343680709534368,86.14457831325302
-25.343680709534368,84.93975903614458
-25.343680709534368,85.34136546184739
-25.343680709534368,85.7429718875502
-25.343680709534368,85.14056224899599
-25.343680709534368,85.54216867469879
-25.14412416851441,86.34538152610442
-25.14412416851441,86.14457831325302
-25.14412416851441,85.54216867469879
-25.14412416851441,85.34136546184739
-25.14412416851441,85.7429718875502
-25.14412416851441,85.94377510040161
-24.944567627494465,85.7429718875502
-24.944567627494465,85.94377510040161
-24.944567627494465,86.14457831325302
-24.944567627494465,85.54216867469879
-24.944567627494465,86.34538152610442
-24.944567627494465,86.54618473895582
-24.74501108647449,86.54618473895582
-24.74501108647449,85.7429718875502
-24.74501108647449,85.94377510040161
-24.74501108647449,86.34538152610442
-24.74501108647449,86.74698795180723
-24.74501108647449,86.14457831325302
-24.545454545454547,86.94779116465863
-24.545454545454547,86.74698795180723
-24.545454545454547,86.14457831325302
-24.545454545454547,85.94377510040161
-24.545454545454547,86.54618473895582
-24.545454545454547,86.34538152610442
-24.345898004434588,86.74698795180723
-24.345898004434588,86.54618473895582
-24.345898004434588,86.94779116465863
-24.345898004434588,86.14457831325302
-24.345898004434588,87.14859437751004
-24.345898004434588,86.34538152610442
-24.14634146341463,87.34939759036145
-24.14634146341463,86.54618473895582
-24.14634146341463,86.74698795180723
-24.14634146341463,87.14859437751004
-24.14634146341463,86.94779116465863
-24.14634146341463,86.34538152610442
-24.14634146341463,86.14457831325302
-23.946784922394684,87.34939759036145
-23.946784922394684,86.94779116465863
-23.946784922394684,86.34538152610442
-23.946784922394684,86.74698795180723
-23.946784922394684,87.14859437751004
-23.946784922394684,86.54618473895582
-23.747228381374725,87.55020080321285
-23.747228381374725,86.94779116465863
-23.747228381374725,87.34939759036145
-23.747228381374725,86.74698795180723
-23.747228381374725,87.14859437751004
-23.747228381374725,86.54618473895582
-23.547671840354766,86.74698795180723
-23.547671840354766,86.94779116465863
-23.547671840354766,87.55020080321285
-23.547671840354766,87.34939759036145
-23.547671840354766,87.75100401606426
-23.547671840354766,87.14859437751004
-23.348115299334808,87.34939759036145
-23.348115299334808,87.95180722891567
-23.348115299334808,87.14859437751004
-23.348115299334808,87.55020080321285
-23.348115299334808,86.94779116465863
-23.348115299334808,87.75100401606426
-23.14855875831485,87.14859437751004
-23.14855875831485,87.55020080321285
-23.14855875831485,88.15261044176707
-23.14855875831485,87.95180722891567
-23.14855875831485,87.34939759036145
-23.14855875831485,87.75100401606426
-22.949002217294904,87.75100401606426
-22.949002217294904,88.35341365461848
-22.949002217294904,87.55020080321285
-22.949002217294904,87.95180722891567
-22.949002217294904,87.34939759036145
-22.949002217294904,88.15261044176707
-22.749445676274945,88.15261044176707
-22.749445676274945,87.55020080321285
-22.749445676274945,88.55421686746988
-22.749445676274945,87.75100401606426
-22.749445676274945,88.35341365461848
-22.749445676274945,87.95180722891567
-22.549889135255,87.95180722891567
-22.549889135255,88.75502008032129
-22.549889135255,88.35341365461848
-22.549889135255,87.75100401606426
-22.549889135255,88.55421686746988
-22.549889135255,88.15261044176707
-22.350332594235027,88.75502008032129
-22.350332594235027,87.75100401606426
-22.350332594235027,87.95180722891567
-22.350332594235027,88.55421686746988
-22.350332594235027,88.15261044176707
-22.350332594235027,88.35341365461848
-22.150776053215083,87.95180722891567
-22.150776053215083,88.75502008032129
-22.150776053215083,88.55421686746988
-22.150776053215083,88.15261044176707
-22.150776053215083,88.95582329317268
-22.150776053215083,88.35341365461848
-21.951219512195124,88.35341365461848
-21.951219512195124,88.75502008032129
-21.951219512195124,88.95582329317268
-21.951219512195124,88.15261044176707
-21.951219512195124,88.55421686746988
-21.951219512195124,89.1566265060241
-21.751662971175165,89.1566265060241
-21.751662971175165,88.35341365461848
-21.751662971175165,88.55421686746988
-21.751662971175165,88.75502008032129
-21.751662971175165,88.95582329317268
-21.751662971175165,89.35742971887551
-21.55210643015522,89.5582329317269
-21.55210643015522,89.35742971887551
-21.55210643015522,88.55421686746988
-21.55210643015522,89.1566265060241
-21.55210643015522,88.75502008032129
-21.55210643015522,88.95582329317268
-21.35254988913526,89.75903614457832
-21.35254988913526,89.5582329317269
-21.35254988913526,88.95582329317268
-21.35254988913526,88.75502008032129
-21.35254988913526,89.35742971887551
-21.35254988913526,89.1566265060241
-21.152993348115302,89.5582329317269
-21.152993348115302,89.1566265060241
-21.152993348115302,89.75903614457832
-21.152993348115302,89.35742971887551
-21.152993348115302,88.95582329317268
-20.953436807095343,89.5582329317269
-20.953436807095343,89.95983935742971
-20.953436807095343,89.1566265060241
-20.953436807095343,89.75903614457832
-20.953436807095343,88.95582329317268
-20.953436807095343,89.35742971887551
-20.753880266075384,89.95983935742971
-20.753880266075384,89.5582329317269
-20.753880266075384,89.35742971887551
-20.753880266075384,89.1566265060241
-20.753880266075384,89.75903614457832
-20.55432372505544,89.35742971887551
-20.55432372505544,89.95983935742971
-20.55432372505544,90.16064257028113
-20.55432372505544,89.5582329317269
-20.55432372505544,89.75903614457832
-20.35476718403548,89.5582329317269
-20.35476718403548,90.16064257028113
-20.35476718403548,89.75903614457832
-20.35476718403548,89.95983935742971
-20.35476718403548,90.36144578313254
-20.155210643015522,90.36144578313254
-20.155210643015522,89.95983935742971
-20.155210643015522,89.75903614457832
-20.155210643015522,90.16064257028113
-20.155210643015522,90.56224899598394
-20.155210643015522,89.5582329317269
-19.955654101995563,89.95983935742971
-19.955654101995563,90.56224899598394
-19.955654101995563,89.75903614457832
-19.955654101995563,90.36144578313254
-19.955654101995563,90.16064257028113
-19.756097560975604,90.16064257028113
-19.756097560975604,89.95983935742971
-19.756097560975604,90.56224899598394
-19.756097560975604,90.36144578313254
-19.756097560975604,89.75903614457832
-19.756097560975604,90.76305220883533
-19.55654101995566,90.76305220883533
-19.55654101995566,90.56224899598394
-19.55654101995566,89.95983935742971
-19.55654101995566,90.36144578313254
-19.55654101995566,90.16064257028113
-19.3569844789357,90.16064257028113
-19.3569844789357,90.56224899598394
-19.3569844789357,90.36144578313254
-19.3569844789357,90.96385542168674
-19.3569844789357,90.76305220883533
-19.15742793791574,90.96385542168674
-19.15742793791574,91.16465863453816
-19.15742793791574,90.16064257028113
-19.15742793791574,90.56224899598394
-19.15742793791574,90.36144578313254
-19.15742793791574,90.76305220883533
-18.957871396895797,90.56224899598394
-18.957871396895797,90.76305220883533
-18.957871396895797,90.96385542168674
-18.957871396895797,90.36144578313254
-18.957871396895797,91.16465863453816
-18.758314855875824,91.36546184738957
-18.758314855875824,90.96385542168674
-18.758314855875824,90.76305220883533
-18.758314855875824,91.16465863453816
-18.758314855875824,90.56224899598394
-18.55875831485588,91.16465863453816
-18.55875831485588,91.56626506024097
-18.55875831485588,90.76305220883533
-18.55875831485588,91.36546184738957
-18.55875831485588,90.56224899598394
-18.55875831485588,90.96385542168674
-18.35920177383592,91.36546184738957
-18.35920177383592,90.76305220883533
-18.35920177383592,90.96385542168674
-18.35920177383592,91.56626506024097
-18.35920177383592,91.16465863453816
-18.15964523281596,90.96385542168674
-18.15964523281596,91.36546184738957
-18.15964523281596,91.56626506024097
-18.15964523281596,91.76706827309236
-18.15964523281596,91.16465863453816
-17.960088691796017,91.36546184738957
-17.960088691796017,91.96787148594377
-17.960088691796017,91.56626506024097
-17.960088691796017,91.16465863453816
-17.960088691796017,91.76706827309236
-17.960088691796017,90.96385542168674
-17.760532150776058,91.76706827309236
-17.760532150776058,91.36546184738957
-17.760532150776058,91.16465863453816
-17.760532150776058,91.96787148594377
-17.760532150776058,91.56626506024097
-17.5609756097561,91.56626506024097
-17.5609756097561,91.76706827309236
-17.5609756097561,91.96787148594377
-17.5609756097561,92.16867469879519
-17.5609756097561,91.36546184738957
-17.36141906873614,91.96787148594377
-17.36141906873614,91.76706827309236
-17.36141906873614,91.56626506024097
-17.36141906873614,91.36546184738957
-17.36141906873614,92.16867469879519
-17.36141906873614,92.36947791164658
-17.16186252771618,92.570281124498
-17.16186252771618,91.76706827309236
-17.16186252771618,91.96787148594377
-17.16186252771618,92.16867469879519
-17.16186252771618,91.56626506024097
-17.16186252771618,92.36947791164658
-16.962305986696236,92.36947791164658
-16.962305986696236,92.16867469879519
-16.962305986696236,91.76706827309236
-16.962305986696236,92.570281124498
-16.962305986696236,91.96787148594377
-16.762749445676278,92.16867469879519
-16.762749445676278,92.36947791164658
-16.762749445676278,92.7710843373494
-16.762749445676278,92.570281124498
-16.762749445676278,91.96787148594377
-16.762749445676278,91.76706827309236
-16.56319290465632,92.9718875502008
-16.56319290465632,92.36947791164658
-16.56319290465632,92.570281124498
-16.56319290465632,91.96787148594377
-16.56319290465632,92.7710843373494
-16.56319290465632,92.16867469879519
-16.36363636363636,92.36947791164658
-16.36363636363636,92.7710843373494
-16.36363636363636,92.16867469879519
-16.36363636363636,92.570281124498
-16.36363636363636,92.9718875502008
-16.1640798226164,92.36947791164658
-16.1640798226164,92.9718875502008
-16.1640798226164,93.17269076305222
-16.1640798226164,92.570281124498
-16.1640798226164,92.7710843373494
-15.964523281596456,92.36947791164658
-15.964523281596456,92.570281124498
-15.964523281596456,92.9718875502008
-15.964523281596456,93.37349397590361
-15.964523281596456,92.7710843373494
-15.964523281596456,93.17269076305222
-15.764966740576497,92.7710843373494
-15.764966740576497,92.9718875502008
-15.764966740576497,93.17269076305222
-15.764966740576497,92.570281124498
-15.764966740576497,93.37349397590361
-15.764966740576497,93.57429718875501
-15.565410199556538,92.7710843373494
-15.565410199556538,93.17269076305222
-15.565410199556538,93.57429718875501
-15.565410199556538,93.37349397590361
-15.565410199556538,92.9718875502008
-15.565410199556538,93.77510040160642
-15.365853658536594,93.77510040160642
-15.365853658536594,92.9718875502008
-15.365853658536594,93.17269076305222
-15.365853658536594,93.57429718875501
-15.365853658536594,93.37349397590361
-15.16629711751662,93.57429718875501
-15.16629711751662,93.97590361445783
-15.16629711751662,93.77510040160642
-15.16629711751662,93.37349397590361
-15.16629711751662,93.17269076305222
-15.16629711751662,92.9718875502008
-14.966740576496676,94.17670682730923
-14.966740576496676,93.37349397590361
-14.966740576496676,93.57429718875501
-14.966740576496676,93.97590361445783
-14.966740576496676,93.17269076305222
-14.966740576496676,93.77510040160642
-14.767184035476717,93.77510040160642
-14.767184035476717,93.57429718875501
-14.767184035476717,93.37349397590361
-14.767184035476717,94.17670682730923
-14.767184035476717,93.97590361445783
-14.567627494456758,93.77510040160642
-14.567627494456758,94.17670682730923
-14.567627494456758,93.97590361445783
-14.567627494456758,94.37751004016064
-14.567627494456758,93.57429718875501
-14.368070953436813,94.37751004016064
-14.368070953436813,93.97590361445783
-14.368070953436813,94.17670682730923
-14.368070953436813,93.57429718875501
-14.368070953436813,93.77510040160642
-14.368070953436813,94.57831325301204
-14.168514412416854,94.77911646586345
-14.168514412416854,93.77510040160642
-14.168514412416854,94.57831325301204
-14.168514412416854,93.97590361445783
-14.168514412416854,94.37751004016064
-14.168514412416854,94.17670682730923
-13.968957871396896,94.57831325301204
-13.968957871396896,94.17670682730923
-13.968957871396896,94.97991967871486
-13.968957871396896,94.77911646586345
-13.968957871396896,93.97590361445783
-13.968957871396896,94.37751004016064
-13.769401330376937,94.37751004016064
-13.769401330376937,94.57831325301204
-13.769401330376937,94.97991967871486
-13.769401330376937,94.17670682730923
-13.769401330376937,94.77911646586345
-13.569844789356978,95.18072289156626
-13.569844789356978,94.97991967871486
-13.569844789356978,94.17670682730923
-13.569844789356978,94.77911646586345
-13.569844789356978,94.57831325301204
-13.569844789356978,94.37751004016064
-13.370288248337033,94.57831325301204
-13.370288248337033,95.38152610441767
-13.370288248337033,94.97991967871486
-13.370288248337033,94.77911646586345
-13.370288248337033,94.37751004016064
-13.370288248337033,95.18072289156626
-13.170731707317074,95.58232931726907
-13.170731707317074,95.38152610441767
-13.170731707317074,95.18072289156626
-13.170731707317074,94.57831325301204
-13.170731707317074,94.77911646586345
-13.170731707317074,94.97991967871486
-12.971175166297115,95.18072289156626
-12.971175166297115,95.58232931726907
-12.971175166297115,94.77911646586345
-12.971175166297115,95.38152610441767
-12.971175166297115,94.97991967871486
-12.77161862527717,95.78313253012048
-12.77161862527717,94.97991967871486
-12.77161862527717,95.38152610441767
-12.77161862527717,95.18072289156626
-12.77161862527717,95.58232931726907
-12.572062084257198,95.98393574297188
-12.572062084257198,95.78313253012048
-12.572062084257198,94.97991967871486
-12.572062084257198,95.18072289156626
-12.572062084257198,95.58232931726907
-12.572062084257198,95.38152610441767
-12.372505543237253,95.58232931726907
-12.372505543237253,95.78313253012048
-12.372505543237253,95.38152610441767
-12.372505543237253,95.18072289156626
-12.372505543237253,95.98393574297188
-12.172949002217294,95.98393574297188
-12.172949002217294,95.38152610441767
-12.172949002217294,95.58232931726907
-12.172949002217294,96.18473895582329
-12.172949002217294,95.78313253012048
-11.973392461197335,95.38152610441767
-11.973392461197335,95.58232931726907
-11.973392461197335,95.78313253012048
-11.973392461197335,95.98393574297188
-11.973392461197335,96.18473895582329
-11.77383592017739,95.98393574297188
-11.77383592017739,95.58232931726907
-11.77383592017739,96.3855421686747
-11.77383592017739,96.18473895582329
-11.77383592017739,95.78313253012048
-11.574279379157431,95.98393574297188
-11.574279379157431,96.5863453815261
-11.574279379157431,95.78313253012048
-11.574279379157431,96.18473895582329
-11.574279379157431,96.3855421686747
-11.374722838137473,96.18473895582329
-11.374722838137473,95.78313253012048
-11.374722838137473,96.5863453815261
-11.374722838137473,95.98393574297188
-11.374722838137473,96.3855421686747
-11.175166297117514,96.78714859437751
-11.175166297117514,95.98393574297188
-11.175166297117514,96.5863453815261
-11.175166297117514,96.3855421686747
-11.175166297117514,96.18473895582329
-10.975609756097555,96.3855421686747
-10.975609756097555,96.18473895582329
-10.975609756097555,96.78714859437751
-10.975609756097555,96.5863453815261
-10.975609756097555,95.98393574297188
-10.77605321507761,96.98795180722891
-10.77605321507761,96.5863453815261
-10.77605321507761,96.78714859437751
-10.77605321507761,96.3855421686747
-10.77605321507761,96.18473895582329
-10.576496674057651,96.5863453815261
-10.576496674057651,96.78714859437751
-10.576496674057651,96.98795180722891
-10.576496674057651,96.3855421686747
-10.576496674057651,97.18875502008032
-10.376940133037692,96.5863453815261
-10.376940133037692,96.98795180722891
-10.376940133037692,97.18875502008032
-10.376940133037692,96.3855421686747
-10.376940133037692,96.78714859437751
-10.177383592017733,97.18875502008032
-10.177383592017733,97.38955823293173
-10.177383592017733,96.5863453815261
-10.177383592017733,96.98795180722891
-10.177383592017733,96.78714859437751
-10.177383592017733,96.3855421686747
-9.977827050997774,96.98795180722891
-9.977827050997774,96.5863453815261
-9.977827050997774,97.18875502008032
-9.977827050997774,96.78714859437751
-9.977827050997774,97.38955823293173
-9.77827050997783,96.78714859437751
-9.77827050997783,96.98795180722891
-9.77827050997783,97.38955823293173
-9.77827050997783,97.59036144578313
-9.77827050997783,97.18875502008032
-9.57871396895787,96.78714859437751
-9.57871396895787,97.59036144578313
-9.57871396895787,97.18875502008032
-9.57871396895787,96.98795180722891
-9.57871396895787,97.38955823293173
-9.379157427937912,97.59036144578313
-9.379157427937912,96.98795180722891
-9.379157427937912,97.18875502008032
-9.379157427937912,97.79116465863453
-9.379157427937912,97.38955823293173
-9.179600886917967,97.79116465863453
-9.179600886917967,97.59036144578313
-9.179600886917967,96.98795180722891
-9.179600886917967,97.18875502008032
-9.179600886917967,97.38955823293173
-8.980044345897994,97.38955823293173
-8.980044345897994,97.79116465863453
-8.980044345897994,97.99196787148594
-8.980044345897994,97.59036144578313
-8.980044345897994,97.18875502008032
-8.78048780487805,97.18875502008032
-8.78048780487805,97.79116465863453
-8.78048780487805,97.59036144578313
-8.78048780487805,97.99196787148594
-8.78048780487805,97.38955823293173
-8.58093126385809,97.79116465863453
-8.58093126385809,98.19277108433735
-8.58093126385809,97.99196787148594
-8.58093126385809,97.59036144578313
-8.58093126385809,97.38955823293173
-8.381374722838132,97.99196787148594
-8.381374722838132,97.38955823293173
-8.381374722838132,98.19277108433735
-8.381374722838132,97.79116465863453
-8.381374722838132,97.59036144578313
-8.181818181818187,97.79116465863453
-8.181818181818187,97.59036144578313
-8.181818181818187,97.99196787148594
-8.181818181818187,98.19277108433735
-8.181818181818187,98.39357429718876
-7.982261640798228,98.19277108433735
-7.982261640798228,97.59036144578313
-7.982261640798228,98.39357429718876
-7.982261640798228,97.79116465863453
-7.982261640798228,97.99196787148594
-7.782705099778269,97.79116465863453
-7.782705099778269,98.19277108433735
-7.782705099778269,98.39357429718876
-7.782705099778269,97.99196787148594
-7.782705099778269,98.59437751004016
-7.58314855875831,97.99196787148594
-7.58314855875831,98.59437751004016
-7.58314855875831,98.39357429718876
-7.58314855875831,97.79116465863453
-7.58314855875831,98.19277108433735
-7.383592017738351,97.99196787148594
-7.383592017738351,98.79518072289156
-7.383592017738351,98.59437751004016
-7.383592017738351,98.39357429718876
-7.383592017738351,98.19277108433735
-7.184035476718407,98.79518072289156
-7.184035476718407,97.99196787148594
-7.184035476718407,98.59437751004016
-7.184035476718407,98.19277108433735
-7.184035476718407,98.39357429718876
-6.984478935698448,98.59437751004016
-6.984478935698448,98.19277108433735
-6.984478935698448,98.79518072289156
-6.984478935698448,98.39357429718876
-6.784922394678503,98.39357429718876
-6.784922394678503,98.99598393574297
-6.784922394678503,98.59437751004016
-6.784922394678503,98.19277108433735
-6.784922394678503,98.79518072289156
-6.58536585365853,98.99598393574297
-6.58536585365853,98.39357429718876
-6.58536585365853,98.59437751004016
-6.58536585365853,98.19277108433735
-6.58536585365853,98.79518072289156
-6.385809312638585,98.99598393574297
-6.385809312638585,98.59437751004016
-6.385809312638585,99.19678714859438
-6.385809312638585,98.79518072289156
-6.385809312638585,98.39357429718876
-6.186252771618626,98.39357429718876
-6.186252771618626,98.59437751004016
-6.186252771618626,99.19678714859438
-6.186252771618626,98.99598393574297
-6.186252771618626,98.79518072289156
-5.9866962305986675,98.99598393574297
-5.9866962305986675,99.19678714859438
-5.9866962305986675,98.79518072289156
-5.9866962305986675,98.59437751004016
-5.787139689578723,99.3975903614458
-5.787139689578723,98.59437751004016
-5.787139689578723,99.19678714859438
-5.787139689578723,98.79518072289156
-5.787139689578723,98.99598393574297
-5.587583148558764,99.19678714859438
-5.587583148558764,99.3975903614458
-5.587583148558764,98.59437751004016
-5.587583148558764,98.99598393574297
-5.587583148558764,98.79518072289156
-5.388026607538805,98.79518072289156
-5.388026607538805,98.59437751004016
-5.388026607538805,99.19678714859438
-5.388026607538805,99.3975903614458
-5.388026607538805,98.99598393574297
-5.188470066518846,98.99598393574297
-5.188470066518846,98.79518072289156
-5.188470066518846,99.19678714859438
-5.188470066518846,99.3975903614458
-4.988913525498887,98.99598393574297
-4.988913525498887,98.79518072289156
-4.988913525498887,99.3975903614458
-4.988913525498887,99.19678714859438
-4.7893569844789425,98.79518072289156
-4.7893569844789425,98.99598393574297
-4.7893569844789425,99.3975903614458
-4.7893569844789425,99.19678714859438
-4.589800443458984,98.99598393574297
-4.589800443458984,99.3975903614458
-4.589800443458984,98.79518072289156
-4.589800443458984,99.19678714859438
-4.589800443458984,99.59839357429718
-4.390243902439025,98.99598393574297
-4.390243902439025,99.19678714859438
-4.390243902439025,99.3975903614458
-4.390243902439025,98.79518072289156
-4.390243902439025,99.59839357429718
-4.190687361419066,98.79518072289156
-4.190687361419066,99.3975903614458
-4.190687361419066,99.19678714859438
-4.190687361419066,99.59839357429718
-4.190687361419066,98.99598393574297
-3.991130820399107,99.79919678714859
-3.991130820399107,98.99598393574297
-3.991130820399107,99.59839357429718
-3.991130820399107,99.19678714859438
-3.991130820399107,99.3975903614458
-3.7915742793791622,99.3975903614458
-3.7915742793791622,98.99598393574297
-3.7915742793791622,99.79919678714859
-3.7915742793791622,99.59839357429718
-3.7915742793791622,99.19678714859438
-3.5920177383592033,99.3975903614458
-3.5920177383592033,99.79919678714859
-3.5920177383592033,98.99598393574297
-3.5920177383592033,99.59839357429718
-3.5920177383592033,99.19678714859438
-3.3924611973392444,99.59839357429718
-3.3924611973392444,98.99598393574297
-3.3924611973392444,99.3975903614458
-3.3924611973392444,99.79919678714859
-3.3924611973392444,99.19678714859438
-3.1929046563192998,99.19678714859438
-3.1929046563192998,98.99598393574297
-3.1929046563192998,99.3975903614458
-3.1929046563192998,99.79919678714859
-3.1929046563192998,99.59839357429718
-2.9933481152993267,99.59839357429718
-2.9933481152993267,99.79919678714859
-2.9933481152993267,98.99598393574297
-2.9933481152993267,99.3975903614458
-2.9933481152993267,99.19678714859438
-2.793791574279382,99.79919678714859
-2.793791574279382,99.59839357429718
-2.793791574279382,98.99598393574297
-2.793791574279382,99.19678714859438
-2.793791574279382,99.3975903614458
-2.594235033259423,99.19678714859438
-2.594235033259423,99.3975903614458
-2.594235033259423,99.79919678714859
-2.594235033259423,99.59839357429718
-2.394678492239464,99.19678714859438
-2.394678492239464,99.3975903614458
-2.394678492239464,99.79919678714859
-2.394678492239464,99.59839357429718
-2.1951219512195195,99.79919678714859
-2.1951219512195195,99.19678714859438
-2.1951219512195195,99.3975903614458
-2.1951219512195195,99.59839357429718
-1.9955654101995606,99.19678714859438
-1.9955654101995606,99.59839357429718
-1.9955654101995606,99.79919678714859
-1.9955654101995606,99.3975903614458
-1.7960088691796017,99.79919678714859
-1.7960088691796017,99.3975903614458
-1.7960088691796017,99.59839357429718
-1.5964523281596428,99.79919678714859
-1.5964523281596428,99.3975903614458
-1.5964523281596428,99.59839357429718
-1.3968957871396839,99.3975903614458
-1.3968957871396839,99.79919678714859
-1.3968957871396839,99.59839357429718
-1.1973392461197392,99.3975903614458
-1.1973392461197392,99.59839357429718
-1.1973392461197392,99.79919678714859
-0.9977827050997803,99.3975903614458
-0.9977827050997803,99.79919678714859
-0.9977827050997803,99.59839357429718
-0.7982261640798214,99.3975903614458
-0.7982261640798214,99.79919678714859
-0.7982261640798214,99.59839357429718
-0.5986696230598625,99.79919678714859
-0.5986696230598625,99.59839357429718
-0.3991130820399036,99.79919678714859
-0.3991130820399036,99.59839357429718
-0.1995565410199589,99.59839357429718
-0.1995565410199589,99.79919678714859
0.0,99.59839357429718
0.0,99.79919678714859
0.1995565410199589,99.59839357429718
0.1995565410199589,99.79919678714859
0.3991130820399036,99.59839357429718
0.3991130820399036,99.79919678714859
0.5986696230598625,99.3975903614458
0.5986696230598625,99.79919678714859
0.5986696230598625,99.59839357429718
0.7982261640798214,99.3975903614458
0.7982261640798214,99.59839357429718
0.7982261640798214,99.79919678714859
0.9977827050997661,99.3975903614458
0.9977827050997661,99.79919678714859
0.9977827050997661,99.59839357429718
1.197339246119725,99.3975903614458
1.197339246119725,99.79919678714859
1.197339246119725,99.59839357429718
1.396895787139698,99.59839357429718
1.396895787139698,99.79919678714859
1.396895787139698,99.3975903614458
1.596452328159657,99.3975903614458
1.596452328159657,99.79919678714859
1.596452328159657,99.59839357429718
1.596452328159657,99.19678714859438
1.7960088691796017,99.59839357429718
1.7960088691796017,99.19678714859438
1.7960088691796017,99.79919678714859
1.7960088691796017,99.3975903614458
1.9955654101995606,99.79919678714859
1.9955654101995606,99.3975903614458
1.9955654101995606,99.19678714859438
1.9955654101995606,99.59839357429718
2.1951219512195195,99.59839357429718
2.1951219512195195,99.3975903614458
2.1951219512195195,99.19678714859438
2.1951219512195195,99.79919678714859
2.394678492239464,99.3975903614458
2.394678492239464,99.79919678714859
2.394678492239464,99.19678714859438
2.394678492239464,99.59839357429718
2.594235033259423,98.99598393574297
2.594235033259423,99.3975903614458
2.594235033259423,99.19678714859438
2.594235033259423,99.79919678714859
2.594235033259423,99.59839357429718
2.793791574279382,99.3975903614458
2.793791574279382,99.79919678714859
2.793791574279382,98.99598393574297
2.793791574279382,99.59839357429718
2.793791574279382,99.19678714859438
2.9933481152993267,99.3975903614458
2.9933481152993267,99.59839357429718
2.9933481152993267,98.99598393574297
2.9933481152993267,99.79919678714859
2.9933481152993267,99.19678714859438
3.1929046563192856,99.59839357429718
3.1929046563192856,99.3975903614458
3.1929046563192856,99.79919678714859
3.1929046563192856,99.19678714859438
3.1929046563192856,98.99598393574297
3.3924611973392444,98.99598393574297
3.3924611973392444,99.3975903614458
3.3924611973392444,99.59839357429718
3.3924611973392444,99.19678714859438
3.3924611973392444,99.79919678714859
3.592017738359189,99.79919678714859
3.592017738359189,98.99598393574297
3.592017738359189,99.3975903614458
3.592017738359189,99.59839357429718
3.592017738359189,99.19678714859438
3.7915742793791622,98.99598393574297
3.7915742793791622,99.3975903614458
3.7915742793791622,99.19678714859438
3.7915742793791622,99.59839357429718
3.991130820399121,98.99598393574297
3.991130820399121,99.3975903614458
3.991130820399121,98.79518072289156
3.991130820399121,99.19678714859438
3.991130820399121,99.59839357429718
4.19068736141908,98.99598393574297
4.19068736141908,99.59839357429718
4.19068736141908,99.3975903614458
4.19068736141908,98.79518072289156
4.19068736141908,99.19678714859438
4.390243902439025,98.99598393574297
4.390243902439025,99.19678714859438
4.390243902439025,98.79518072289156
4.390243902439025,99.59839357429718
4.390243902439025,99.3975903614458
4.589800443458984,99.19678714859438
4.589800443458984,98.99598393574297
4.589800443458984,98.79518072289156
4.589800443458984,99.3975903614458
4.7893569844789425,99.3975903614458
4.7893569844789425,99.19678714859438
4.7893569844789425,98.99598393574297
4.7893569844789425,98.79518072289156
4.988913525498887,99.3975903614458
4.988913525498887,99.19678714859438
4.988913525498887,98.79518072289156
4.988913525498887,98.99598393574297
5.188470066518846,99.19678714859438
5.188470066518846,98.99598393574297
5.188470066518846,98.59437751004016
5.188470066518846,98.79518072289156
5.188470066518846,99.3975903614458
5.388026607538805,98.59437751004016
5.388026607538805,98.99598393574297
5.388026607538805,98.79518072289156
5.388026607538805,99.19678714859438
5.388026607538805,99.3975903614458
5.58758314855875,98.99598393574297
5.58758314855875,98.59437751004016
5.58758314855875,98.79518072289156
5.58758314855875,99.19678714859438
5.787139689578709,98.99598393574297
5.787139689578709,98.79518072289156
5.787139689578709,98.59437751004016
5.787139689578709,99.19678714859438
5.986696230598653,98.39357429718876
5.986696230598653,98.99598393574297
5.986696230598653,98.79518072289156
5.986696230598653,99.19678714859438
5.986696230598653,98.59437751004016
6.186252771618641,98.59437751004016
6.186252771618641,98.99598393574297
6.186252771618641,98.79518072289156
6.186252771618641,98.39357429718876
6.385809312638585,98.39357429718876
6.385809312638585,98.59437751004016
6.385809312638585,98.79518072289156
6.385809312638585,98.19277108433735
6.385809312638585,98.99598393574297
6.585365853658544,98.19277108433735
6.585365853658544,98.39357429718876
6.585365853658544,98.79518072289156
6.585365853658544,98.99598393574297
6.585365853658544,98.59437751004016
6.784922394678503,98.79518072289156
6.784922394678503,98.59437751004016
6.784922394678503,98.19277108433735
6.784922394678503,98.39357429718876
6.984478935698448,98.79518072289156
6.984478935698448,98.59437751004016
6.984478935698448,98.19277108433735
6.984478935698448,97.99196787148594
6.984478935698448,98.39357429718876
7.184035476718407,98.39357429718876
7.184035476718407,97.99196787148594
7.184035476718407,98.59437751004016
7.184035476718407,98.19277108433735
7.383592017738351,97.99196787148594
7.383592017738351,98.59437751004016
7.383592017738351,98.19277108433735
7.383592017738351,97.79116465863453
7.383592017738351,98.39357429718876
7.58314855875831,98.19277108433735
7.58314855875831,97.79116465863453
7.58314855875831,98.59437751004016
7.58314855875831,98.39357429718876
7.58314855875831,97.99196787148594
7.782705099778269,98.19277108433735
7.782705099778269,97.79116465863453
7.782705099778269,97.59036144578313
7.782705099778269,98.39357429718876
7.782705099778269,97.99196787148594
7.982261640798214,97.79116465863453
7.982261640798214,98.19277108433735
7.982261640798214,97.99196787148594
7.982261640798214,97.38955823293173
7.982261640798214,97.59036144578313
8.181818181818173,97.99196787148594
8.181818181818173,97.79116465863453
8.181818181818173,97.59036144578313
8.181818181818173,98.19277108433735
8.181818181818173,97.38955823293173
8.381374722838132,97.99196787148594
8.381374722838132,97.38955823293173
8.381374722838132,97.59036144578313
8.381374722838132,97.79116465863453
8.580931263858105,97.38955823293173
8.580931263858105,97.99196787148594
8.580931263858105,97.59036144578313
8.580931263858105,97.18875502008032
8.580931263858105,97.79116465863453
8.78048780487805,97.38955823293173
8.78048780487805,97.79116465863453
8.78048780487805,97.59036144578313
8.78048780487805,96.98795180722891
8.78048780487805,97.18875502008032
8.980044345898008,97.79116465863453
8.980044345898008,97.59036144578313
8.980044345898008,97.18875502008032
8.980044345898008,97.38955823293173
8.980044345898008,96.98795180722891
9.179600886917967,96.78714859437751
9.179600886917967,97.38955823293173
9.179600886917967,97.18875502008032
9.179600886917967,97.59036144578313
9.179600886917967,96.98795180722891
9.379157427937912,97.59036144578313
9.379157427937912,96.78714859437751
9.379157427937912,96.98795180722891
9.379157427937912,97.18875502008032
9.379157427937912,97.38955823293173
9.57871396895787,97.38955823293173
9.57871396895787,96.5863453815261
9.57871396895787,97.18875502008032
9.57871396895787,96.78714859437751
9.57871396895787,96.98795180722891
9.77827050997783,97.18875502008032
9.77827050997783,97.38955823293173
9.77827050997783,96.78714859437751
9.77827050997783,96.98795180722891
9.77827050997783,96.5863453815261
9.977827050997774,96.98795180722891
9.977827050997774,96.3855421686747
9.977827050997774,96.5863453815261
9.977827050997774,97.38955823293173
9.977827050997774,97.18875502008032
9.977827050997774,96.78714859437751
10.177383592017733,96.78714859437751
10.177383592017733,97.18875502008032
10.177383592017733,96.5863453815261
10.177383592017733,96.3855421686747
10.177383592017733,96.98795180722891
10.376940133037692,96.78714859437751
10.376940133037692,96.98795180722891
10.376940133037692,96.18473895582329
10.376940133037692,96.3855421686747
10.376940133037692,96.5863453815261
10.576496674057637,96.18473895582329
10.576496674057637,96.3855421686747
10.576496674057637,96.78714859437751
10.576496674057637,96.98795180722891
10.576496674057637,96.5863453815261
10.776053215077596,95.98393574297188
10.776053215077596,96.5863453815261
10.776053215077596,96.3855421686747
10.776053215077596,96.18473895582329
10.776053215077596,96.78714859437751
10.975609756097569,96.18473895582329
10.975609756097569,96.3855421686747
10.975609756097569,96.5863453815261
10.975609756097569,96.78714859437751
10.975609756097569,95.98393574297188
11.175166297117528,95.98393574297188
11.175166297117528,96.3855421686747
11.175166297117528,96.5863453815261
11.175166297117528,96.18473895582329
11.175166297117528,95.78313253012048
11.374722838137473,96.18473895582329
11.374722838137473,95.98393574297188
11.374722838137473,96.3855421686747
11.374722838137473,95.58232931726907
11.374722838137473,95.78313253012048
11.574279379157431,95.58232931726907
11.574279379157431,95.78313253012048
11.574279379157431,96.3855421686747
11.574279379157431,96.18473895582329
11.574279379157431,95.98393574297188
11.77383592017739,95.38152610441767
11.77383592017739,95.78313253012048
11.77383592017739,96.18473895582329
11.77383592017739,95.58232931726907
11.77383592017739,95.98393574297188
11.973392461197335,95.38152610441767
11.973392461197335,95.58232931726907
11.973392461197335,95.78313253012048
11.973392461197335,96.18473895582329
11.973392461197335,95.98393574297188
12.172949002217294,95.38152610441767
12.172949002217294,95.58232931726907
12.172949002217294,95.78313253012048
12.172949002217294,95.18072289156626
12.172949002217294,95.98393574297188
12.372505543237253,95.78313253012048
12.372505543237253,94.97991967871486
12.372505543237253,95.38152610441767
12.372505543237253,95.18072289156626
12.372505543237253,95.58232931726907
12.572062084257198,95.38152610441767
12.572062084257198,95.18072289156626
12.572062084257198,94.77911646586345
12.572062084257198,94.97991967871486
12.572062084257198,95.78313253012048
12.572062084257198,95.58232931726907
12.771618625277156,94.97991967871486
12.771618625277156,95.18072289156626
12.771618625277156,94.77911646586345
12.771618625277156,95.58232931726907
12.771618625277156,95.38152610441767
12.971175166297115,94.77911646586345
12.971175166297115,94.57831325301204
12.971175166297115,95.18072289156626
12.971175166297115,94.97991967871486
12.971175166297115,95.38152610441767
13.17073170731706,94.57831325301204
13.17073170731706,95.38152610441767
13.17073170731706,95.18072289156626
13.17073170731706,94.77911646586345
13.17073170731706,94.97991967871486
13.370288248337019,94.57831325301204
13.370288248337019,94.77911646586345
13.370288248337019,94.17670682730923
13.370288248337019,94.37751004016064
13.370288248337019,95.18072289156626
13.370288248337019,94.97991967871486
13.569844789356992,94.97991967871486
13.569844789356992,94.37751004016064
13.569844789356992,94.77911646586345
13.569844789356992,94.57831325301204
13.569844789356992,94.17670682730923
13.769401330376951,94.77911646586345
13.769401330376951,94.57831325301204
13.769401330376951,94.17670682730923
13.769401330376951,93.97590361445783
13.769401330376951,94.37751004016064
13.968957871396896,93.77510040160642
13.968957871396896,94.17670682730923
13.968957871396896,93.97590361445783
13.968957871396896,94.77911646586345
13.968957871396896,94.57831325301204
13.968957871396896,94.37751004016064
14.168514412416854,93.97590361445783
14.168514412416854,93.77510040160642
14.168514412416854,93.57429718875501
14.168514412416854,94.17670682730923
14.168514412416854,94.37751004016064
14.168514412416854,94.57831325301204
14.368070953436813,93.57429718875501
14.368070953436813,94.37751004016064
14.368070953436813,93.97590361445783
14.368070953436813,93.37349397590361
14.368070953436813,93.77510040160642
14.368070953436813,94.17670682730923
14.567627494456758,93.77510040160642
14.567627494456758,94.17670682730923
14.567627494456758,93.97590361445783
14.567627494456758,93.37349397590361
14.567627494456758,93.57429718875501
14.767184035476717,94.17670682730923
14.767184035476717,93.97590361445783
14.767184035476717,93.57429718875501
14.767184035476717,93.17269076305222
14.767184035476717,93.77510040160642
14.767184035476717,93.37349397590361
14.966740576496676,93.57429718875501
14.966740576496676,93.37349397590361
14.966740576496676,93.17269076305222
14.966740576496676,93.97590361445783
14.966740576496676,93.77510040160642
14.966740576496676,92.9718875502008
15.16629711751662,92.7710843373494
15.16629711751662,93.17269076305222
15.16629711751662,93.77510040160642
15.16629711751662,93.37349397590361
15.16629711751662,92.9718875502008
15.16629711751662,93.57429718875501
15.36585365853658,92.9718875502008
15.36585365853658,93.17269076305222
15.36585365853658,93.37349397590361
15.36585365853658,92.7710843373494
15.36585365853658,93.57429718875501
15.565410199556538,93.37349397590361
15.565410199556538,93.17269076305222
15.565410199556538,92.570281124498
15.565410199556538,92.9718875502008
15.565410199556538,92.7710843373494
15.764966740576483,93.37349397590361
15.764966740576483,93.17269076305222
15.764966740576483,92.9718875502008
15.764966740576483,92.36947791164658
15.764966740576483,92.7710843373494
15.764966740576483,92.570281124498
15.964523281596456,92.9718875502008
15.964523281596456,92.16867469879519
15.964523281596456,92.36947791164658
15.964523281596456,93.17269076305222
15.964523281596456,92.570281124498
15.964523281596456,92.7710843373494
16.164079822616415,92.36947791164658
16.164079822616415,92.570281124498
16.164079822616415,92.7710843373494
16.164079822616415,92.9718875502008
16.164079822616415,92.16867469879519
16.363636363636374,91.96787148594377
16.363636363636374,92.36947791164658
16.363636363636374,92.570281124498
16.363636363636374,92.7710843373494
16.363636363636374,92.16867469879519
16.56319290465632,92.570281124498
16.56319290465632,92.16867469879519
16.56319290465632,92.7710843373494
16.56319290465632,92.36947791164658
16.56319290465632,91.76706827309236
16.56319290465632,91.96787148594377
16.762749445676278,91.76706827309236
16.762749445676278,91.56626506024097
16.762749445676278,92.16867469879519
16.762749445676278,91.96787148594377
16.762749445676278,92.36947791164658
16.762749445676278,92.570281124498
16.962305986696236,91.56626506024097
16.962305986696236,91.96787148594377
16.962305986696236,92.36947791164658
16.962305986696236,91.76706827309236
16.962305986696236,92.16867469879519
17.16186252771618,91.56626506024097
17.16186252771618,92.36947791164658
17.16186252771618,92.16867469879519
17.16186252771618,91.96787148594377
17.16186252771618,91.36546184738957
17.16186252771618,91.76706827309236
17.36141906873614,91.76706827309236
17.36141906873614,91.56626506024097
17.36141906873614,91.96787148594377
17.36141906873614,91.36546184738957
17.36141906873614,92.16867469879519
17.36141906873614,91.16465863453816
17.5609756097561,91.56626506024097
17.5609756097561,91.16465863453816
17.5609756097561,91.76706827309236
17.5609756097561,91.36546184738957
17.5609756097561,91.96787148594377
17.760532150776044,91.56626506024097
17.760532150776044,91.76706827309236
17.760532150776044,91.36546184738957
17.760532150776044,90.96385542168674
17.760532150776044,91.16465863453816
17.960088691796003,91.56626506024097
17.960088691796003,90.76305220883533
17.960088691796003,91.76706827309236
17.960088691796003,91.36546184738957
17.960088691796003,91.16465863453816
17.960088691796003,90.96385542168674
18.15964523281596,91.36546184738957
18.15964523281596,90.76305220883533
18.15964523281596,91.16465863453816
18.15964523281596,90.96385542168674
18.15964523281596,91.56626506024097
18.359201773835935,90.76305220883533
18.359201773835935,90.56224899598394
18.359201773835935,90.96385542168674
18.359201773835935,91.36546184738957
18.359201773835935,91.16465863453816
18.55875831485588,90.56224899598394
18.55875831485588,91.36546184738957
18.55875831485588,90.96385542168674
18.55875831485588,91.16465863453816
18.55875831485588,90.76305220883533
18.758314855875838,90.56224899598394
18.758314855875838,90.76305220883533
18.758314855875838,90.36144578313254
18.758314855875838,90.96385542168674
18.758314855875838,91.16465863453816
18.957871396895797,90.16064257028113
18.957871396895797,90.36144578313254
18.957871396895797,90.56224899598394
18.957871396895797,90.76305220883533
18.957871396895797,90.96385542168674
19.15742793791574,90.76305220883533
19.15742793791574,90.96385542168674
19.15742793791574,90.56224899598394
19.15742793791574,90.16064257028113
19.15742793791574,90.36144578313254
19.3569844789357,90.56224899598394
19.3569844789357,90.16064257028113
19.3569844789357,90.76305220883533
19.3569844789357,90.36144578313254
19.3569844789357,89.95983935742971
19.55654101995566,90.56224899598394
19.55654101995566,89.75903614457832
19.55654101995566,89.95983935742971
19.55654101995566,90.76305220883533
19.55654101995566,90.36144578313254
19.55654101995566,90.16064257028113
19.756097560975604,90.36144578313254
19.756097560975604,89.95983935742971
19.756097560975604,89.75903614457832
19.756097560975604,90.56224899598394
19.756097560975604,90.16064257028113
19.955654101995563,89.75903614457832
19.955654101995563,90.36144578313254
19.955654101995563,89.95983935742971
19.955654101995563,90.16064257028113
19.955654101995563,89.5582329317269
20.155210643015522,89.35742971887551
20.155210643015522,89.95983935742971
20.155210643015522,90.36144578313254
20.155210643015522,89.75903614457832
20.155210643015522,90.16064257028113
20.155210643015522,89.5582329317269
20.354767184035467,89.5582329317269
20.354767184035467,90.16064257028113
20.354767184035467,89.75903614457832
20.354767184035467,89.35742971887551
20.354767184035467,89.95983935742971
20.554323725055426,89.1566265060241
20.554323725055426,89.35742971887551
20.554323725055426,89.95983935742971
20.554323725055426,89.75903614457832
20.554323725055426,89.5582329317269
20.7538802660754,89.75903614457832
20.7538802660754,89.5582329317269
20.7538802660754,89.35742971887551
20.7538802660754,88.95582329317268
20.7538802660754,89.95983935742971
20.7538802660754,89.1566265060241
20.953436807095358,88.75502008032129
20.953436807095358,89.75903614457832
20.953436807095358,89.1566265060241
20.953436807095358,88.95582329317268
20.953436807095358,89.5582329317269
20.953436807095358,89.35742971887551
21.152993348115302,89.35742971887551
21.152993348115302,89.1566265060241
21.152993348115302,89.5582329317269
21.152993348115302,88.95582329317268
21.152993348115302,88.75502008032129
21.35254988913526,88.55421686746988
21.35254988913526,88.75502008032129
21.35254988913526,89.35742971887551
21.35254988913526,88.95582329317268
21.35254988913526,89.1566265060241
21.55210643015522,89.35742971887551
21.55210643015522,89.1566265060241
21.55210643015522,88.75502008032129
21.55210643015522,88.55421686746988
21.55210643015522,88.35341365461848
21.55210643015522,88.95582329317268
21.751662971175165,88.95582329317268
21.751662971175165,88.75502008032129
21.751662971175165,88.55421686746988
21.751662971175165,88.35341365461848
21.751662971175165,88.15261044176707
21.751662971175165,89.1566265060241
21.951219512195124,88.15261044176707
21.951219512195124,88.95582329317268
21.951219512195124,88.35341365461848
21.951219512195124,88.75502008032129
21.951219512195124,87.95180722891567
21.951219512195124,88.55421686746988
22.150776053215083,88.35341365461848
22.150776053215083,88.15261044176707
22.150776053215083,87.75100401606426
22.150776053215083,87.95180722891567
22.150776053215083,88.75502008032129
22.150776053215083,88.55421686746988
22.350332594235027,87.55020080321285
22.350332594235027,87.75100401606426
22.350332594235027,87.95180722891567
22.350332594235027,88.15261044176707
22.350332594235027,88.55421686746988
22.350332594235027,88.35341365461848
22.549889135254986,88.55421686746988
22.549889135254986,87.75100401606426
22.549889135254986,87.95180722891567
22.549889135254986,88.35341365461848
22.549889135254986,88.15261044176707
22.549889135254986,87.55020080321285
22.549889135254986,87.34939759036145
22.74944567627493,87.75100401606426
22.74944567627493,87.34939759036145
22.74944567627493,88.35341365461848
22.74944567627493,87.14859437751004
22.74944567627493,87.95180722891567
22.74944567627493,87.55020080321285
22.74944567627493,88.15261044176707
22.94900221729489,87.14859437751004
22.94900221729489,88.15261044176707
22.94900221729489,87.55020080321285
22.94900221729489,87.34939759036145
22.94900221729489,87.95180722891567
22.94900221729489,87.75100401606426
23.148558758314863,87.55020080321285
23.148558758314863,87.14859437751004
23.148558758314863,86.94779116465863
23.148558758314863,87.75100401606426
23.148558758314863,87.34939759036145
23.148558758314863,87.95180722891567
23.34811529933482,87.14859437751004
23.34811529933482,86.74698795180723
23.34811529933482,86.94779116465863
23.34811529933482,87.55020080321285
23.34811529933482,87.34939759036145
23.34811529933482,87.75100401606426
23.54767184035478,86.54618473895582
23.54767184035478,87.14859437751004
23.54767184035478,86.74698795180723
23.54767184035478,87.34939759036145
23.54767184035478,87.55020080321285
23.54767184035478,86.94779116465863
23.747228381374725,86.74698795180723
23.747228381374725,87.14859437751004
23.747228381374725,86.94779116465863
23.747228381374725,86.54618473895582
23.747228381374725,86.34538152610442
23.747228381374725,87.34939759036145
23.946784922394684,86.74698795180723
23.946784922394684,86.34538152610442
23.946784922394684,86.14457831325302
23.946784922394684,86.94779116465863
23.946784922394684,87.14859437751004
23.946784922394684,86.54618473895582
24.14634146341463,86.74698795180723
24.14634146341463,85.94377510040161
24.14634146341463,86.54618473895582
24.14634146341463,86.94779116465863
24.14634146341463,86.34538152610442
24.14634146341463,86.14457831325302
24.345898004434588,86.34538152610442
24.345898004434588,86.54618473895582
24.345898004434588,86.14457831325302
24.345898004434588,85.7429718875502
24.345898004434588,85.94377510040161
24.345898004434588,86.74698795180723
24.545454545454547,86.54618473895582
24.545454545454547,86.14457831325302
24.545454545454547,85.7429718875502
24.545454545454547,85.94377510040161
24.545454545454547,85.54216867469879
24.545454545454547,86.34538152610442
24.74501108647449,85.94377510040161
24.74501108647449,85.34136546184739
24.74501108647449,86.34538152610442
24.74501108647449,85.54216867469879
24.74501108647449,85.7429718875502
24.74501108647449,86.14457831325302
24.94456762749445,85.7429718875502
24.94456762749445,85.14056224899599
24.94456762749445,86.14457831325302
24.94456762749445,85.34136546184739
24.94456762749445,85.94377510040161
24.94456762749445,85.54216867469879
25.14412416851441,84.93975903614458
25.14412416851441,85.14056224899599
25.14412416851441,85.7429718875502
25.14412416851441,85.94377510040161
25.14412416851441,85.34136546184739
25.14412416851441,85.54216867469879
25.343680709534354,84.93975903614458
25.343680709534354,85.34136546184739
25.343680709534354,85.7429718875502
25.343680709534354,84.73895582329317
25.343680709534354,85.54216867469879
25.343680709534354,85.14056224899599
25.543237250554327,85.34136546184739
25.543237250554327,85.7429718875502
25.543237250554327,85.54216867469879
25.543237250554327,84.73895582329317
25.543237250554327,84.53815261044177
25.543237250554327,85.14056224899599
25.543237250554327,84.93975903614458
25.742793791574286,85.14056224899599
25.742793791574286,84.53815261044177
25.742793791574286,84.33734939759037
25.742793791574286,84.73895582329317
25.742793791574286,85.34136546184739
25.742793791574286,84.93975903614458
25.942350332594245,85.14056224899599
25.942350332594245,84.73895582329317
25.942350332594245,84.53815261044177
25.942350332594245,84.13654618473896
25.942350332594245,84.33734939759037
25.942350332594245,84.93975903614458
26.14190687361419,84.73895582329317
26.14190687361419,84.13654618473896
26.14190687361419,84.33734939759037
26.14190687361419,83.93574297188755
26.14190687361419,84.53815261044177
26.14190687361419,84.93975903614458
26.34146341463415,84.73895582329317
26.34146341463415,84.33734939759037
26.34146341463415,83.73493975903614
26.34146341463415,84.13654618473896
26.34146341463415,83.93574297188755
26.34146341463415,84.53815261044177
26.541019955654107,84.13654618473896
26.541019955654107,84.53815261044177
26.541019955654107,83.53413654618474
26.541019955654107,83.73493975903614
26.541019955654107,83.93574297188755
26.541019955654107,84.33734939759037
26.740576496674052,83.53413654618474
26.740576496674052,83.73493975903614
26.740576496674052,83.93574297188755
26.740576496674052,84.13654618473896
26.740576496674052,84.33734939759037
26.740576496674052,83.33333333333334
26.94013303769401,83.53413654618474
26.94013303769401,84.13654618473896
26.94013303769401,83.13253012048193
26.94013303769401,83.73493975903614
26.94013303769401,83.33333333333334
26.94013303769401,83.93574297188755
27.13968957871397,82.93172690763052
27.13968957871397,83.93574297188755
27.13968957871397,83.33333333333334
27.13968957871397,83.53413654618474
27.13968957871397,83.73493975903614
27.13968957871397,83.13253012048193
27.339246119733914,83.13253012048193
27.339246119733914,83.53413654618474
27.339246119733914,83.33333333333334
27.339246119733914,82.93172690763052
27.339246119733914,83.73493975903614
27.339246119733914,82.73092369477911
27.538802660753873,82.93172690763052
27.538802660753873,83.53413654618474
27.538802660753873,83.33333333333334
27.538802660753873,83.13253012048193
27.538802660753873,82.73092369477911
27.538802660753873,82.53012048192771
27.738359201773832,82.53012048192771
27.738359201773832,82.73092369477911
27.738359201773832,82.32931726907631
27.738359201773832,82.93172690763052
27.738359201773832,83.33333333333334
27.738359201773832,83.13253012048193
27.937915742793777,82.73092369477911
27.937915742793777,82.1285140562249
27.937915742793777,83.13253012048193
27.937915742793777,82.32931726907631
27.937915742793777,82.53012048192771
27.937915742793777,82.93172690763052
28.13747228381375,82.53012048192771
28.13747228381375,81.92771084337349
28.13747228381375,82.1285140562249
28.13747228381375,82.93172690763052
28.13747228381375,82.73092369477911
28.13747228381375,82.32931726907631
28.33702882483371,81.72690763052208
28.33702882483371,82.53012048192771
28.33702882483371,81.92771084337349
28.33702882483371,82.1285140562249
28.33702882483371,82.73092369477911
28.33702882483371,82.32931726907631
28.536585365853668,82.32931726907631
28.536585365853668,82.53012048192771
28.536585365853668,81.72690763052208
28.536585365853668,81.92771084337349
28.536585365853668,81.52610441767068
28.536585365853668,82.1285140562249
28.736141906873613,81.52610441767068
28.736141906873613,82.1285140562249
28.736141906873613,82.32931726907631
28.736141906873613,81.72690763052208
28.736141906873613,81.92771084337349
28.736141906873613,81.32530120481928
28.93569844789357,81.92771084337349
28.93569844789357,81.72690763052208
28.93569844789357,81.52610441767068
28.93569844789357,81.32530120481928
28.93569844789357,82.1285140562249
28.93569844789357,81.12449799196787
29.13525498891353,81.72690763052208
29.13525498891353,80.72289156626506
29.13525498891353,81.52610441767068
29.13525498891353,81.92771084337349
29.13525498891353,81.32530120481928
29.13525498891353,81.12449799196787
29.13525498891353,80.92369477911646
29.334811529933475,81.12449799196787
29.334811529933475,80.52208835341365
29.334811529933475,81.52610441767068
29.334811529933475,80.92369477911646
29.334811529933475,80.72289156626506
29.334811529933475,81.72690763052208
29.334811529933475,81.32530120481928
29.534368070953434,81.52610441767068
29.534368070953434,80.52208835341365
29.534368070953434,80.32128514056225
29.534368070953434,80.92369477911646
29.534368070953434,81.32530120481928
29.534368070953434,81.12449799196787
29.534368070953434,80.72289156626506
29.733924611973393,80.92369477911646
29.733924611973393,80.32128514056225
29.733924611973393,81.32530120481928
29.733924611973393,80.72289156626506
29.733924611973393,80.12048192771084
29.733924611973393,81.12449799196787
29.733924611973393,80.52208835341365
29.933481152993338,80.52208835341365
29.933481152993338,80.32128514056225
29.933481152993338,80.12048192771084
29.933481152993338,80.92369477911646
29.933481152993338,79.91967871485943
29.933481152993338,81.12449799196787
29.933481152993338,80.72289156626506
30.133037694013296,80.92369477911646
30.133037694013296,80.72289156626506
30.133037694013296,80.32128514056225
30.133037694013296,80.52208835341365
30.133037694013296,80.12048192771084
30.133037694013296,79.91967871485943
30.133037694013296,79.71887550200803
30.332594235033255,80.52208835341365
30.332594235033255,80.12048192771084
30.332594235033255,79.91967871485943
30.332594235033255,79.71887550200803
30.332594235033255,80.72289156626506
30.332594235033255,80.32128514056225
30.332594235033255,79.51807228915662
30.53215077605323,79.71887550200803
30.53215077605323,79.91967871485943
30.53215077605323,79.31726907630522
30.53215077605323,79.11646586345383
30.53215077605323,79.51807228915662
30.53215077605323,80.32128514056225
30.53215077605323,80.12048192771084
30.731707317073173,79.51807228915662
30.731707317073173,79.91967871485943
30.731707317073173,79.11646586345383
30.731707317073173,78.91566265060241
30.731707317073173,80.12048192771084
30.731707317073173,79.71887550200803
30.731707317073173,79.31726907630522
30.931263858093132,79.11646586345383
30.931263858093132,78.714859437751
30.931263858093132,79.91967871485943
30.931263858093132,78.91566265060241
30.931263858093132,79.71887550200803
30.931263858093132,79.51807228915662
30.931263858093132,79.31726907630522
31.13082039911309,78.5140562248996
31.13082039911309,79.31726907630522
31.13082039911309,78.3132530120482
31.13082039911309,78.714859437751
31.13082039911309,79.51807228915662
31.13082039911309,78.91566265060241
31.13082039911309,79.11646586345383
31.330376940133036,79.31726907630522
31.330376940133036,78.3132530120482
31.330376940133036,78.11244979919678
31.330376940133036,78.714859437751
31.330376940133036,78.91566265060241
31.330376940133036,78.5140562248996
31.330376940133036,79.11646586345383
31.529933481152995,78.3132530120482
31.529933481152995,78.714859437751
31.529933481152995,78.91566265060241
31.529933481152995,77.91164658634538
31.529933481152995,78.5140562248996
31.529933481152995,79.11646586345383
31.529933481152995,78.11244979919678
31.529933481152995,77.71084337349397
31.729490022172953,78.11244979919678
31.729490022172953,78.714859437751
31.729490022172953,77.51004016064257
31.729490022172953,78.3132530120482
31.729490022172953,78.5140562248996
31.729490022172953,77.71084337349397
31.729490022172953,77.91164658634538
31.929046563192898,77.71084337349397
31.929046563192898,78.3132530120482
31.929046563192898,78.11244979919678
31.929046563192898,78.5140562248996
31.929046563192898,77.91164658634538
31.929046563192898,77.30923694779118
31.929046563192898,77.51004016064257
32.12860310421286,76.90763052208835
32.12860310421286,77.71084337349397
32.12860310421286,77.91164658634538
32.12860310421286,77.30923694779118
32.12860310421286,77.10843373493977
32.12860310421286,78.11244979919678
32.12860310421286,77.51004016064257
32.12860310421286,78.3132530120482
32.328159645232816,76.70682730923694
32.328159645232816,77.71084337349397
32.328159645232816,78.11244979919678
32.328159645232816,77.10843373493977
32.328159645232816,76.90763052208835
32.328159645232816,77.91164658634538
32.328159645232816,77.51004016064257
32.328159645232816,77.30923694779118
32.52771618625276,77.30923694779118
32.52771618625276,76.50602409638554
32.52771618625276,76.90763052208835
32.52771618625276,77.71084337349397
32.52771618625276,76.70682730923694
32.52771618625276,77.51004016064257
32.52771618625276,77.10843373493977
32.72727272727272,77.51004016064257
32.72727272727272,76.10441767068274
32.72727272727272,76.70682730923694
32.72727272727272,76.30522088353413
32.72727272727272,77.30923694779118
32.72727272727272,76.50602409638554
32.72727272727272,76.90763052208835
32.72727272727272,77.10843373493977
32.92682926829269,75.90361445783132
32.92682926829269,76.70682730923694
32.92682926829269,76.30522088353413
32.92682926829269,76.10441767068274
32.92682926829269,76.50602409638554
32.92682926829269,77.10843373493977
32.92682926829269,76.90763052208835
33.12638580931265,76.30522088353413
33.12638580931265,76.10441767068274
33.12638580931265,76.70682730923694
33.12638580931265,75.90361445783132
33.12638580931265,76.50602409638554
33.12638580931265,75.70281124497991
33.12638580931265,75.50200803212851
33.12638580931265,76.90763052208835
33.325942350332596,75.90361445783132
33.325942350332596,75.70281124497991
33.325942350332596,76.30522088353413
33.325942350332596,76.70682730923694
33.325942350332596,76.10441767068274
33.325942350332596,75.50200803212851
33.325942350332596,75.30120481927712
33.325942350332596,76.50602409638554
33.525498891352555,76.10441767068274
33.525498891352555,75.90361445783132
33.525498891352555,75.70281124497991
33.525498891352555,75.1004016064257
33.525498891352555,75.30120481927712
33.525498891352555,76.30522088353413
33.525498891352555,74.8995983935743
33.525498891352555,75.50200803212851
33.725055432372514,75.90361445783132
33.725055432372514,75.70281124497991
33.725055432372514,75.30120481927712
33.725055432372514,75.50200803212851
33.725055432372514,76.10441767068274
33.725055432372514,74.8995983935743
33.725055432372514,74.69879518072288
33.725055432372514,75.1004016064257
33.92461197339246,74.69879518072288
33.92461197339246,74.29718875502009
33.92461197339246,74.8995983935743
33.92461197339246,75.50200803212851
33.92461197339246,74.49799196787149
33.92461197339246,75.1004016064257
33.92461197339246,75.30120481927712
33.92461197339246,75.70281124497991
34.12416851441242,74.09638554216868
34.12416851441242,74.69879518072288
34.12416851441242,75.30120481927712
34.12416851441242,75.50200803212851
34.12416851441242,74.8995983935743
34.12416851441242,74.29718875502009
34.12416851441242,75.1004016064257
34.12416851441242,74.49799196787149
34.32372505543238,74.49799196787149
34.32372505543238,74.69879518072288
34.32372505543238,74.09638554216868
34.32372505543238,74.8995983935743
34.32372505543238,74.29718875502009
34.32372505543238,73.89558232931726
34.32372505543238,75.1004016064257
34.52328159645232,74.8995983935743
34.52328159645232,74.69879518072288
34.52328159645232,74.09638554216868
34.52328159645232,73.89558232931726
34.52328159645232,73.69477911646587
34.52328159645232,73.49397590361446
34.52328159645232,74.29718875502009
34.52328159645232,74.49799196787149
34.72283813747228,74.09638554216868
34.72283813747228,74.29718875502009
34.72283813747228,73.49397590361446
34.72283813747228,73.69477911646587
34.72283813747228,74.49799196787149
34.72283813747228,73.09236947791165
34.72283813747228,73.29317269076306
34.72283813747228,73.89558232931726
34.92239467849224,74.29718875502009
34.92239467849224,73.69477911646587
34.92239467849224,73.09236947791165
34.92239467849224,73.29317269076306
34.92239467849224,72.89156626506023
34.92239467849224,74.09638554216868
34.92239467849224,73.49397590361446
34.92239467849224,73.89558232931726
35.121951219512184,73.09236947791165
35.121951219512184,73.29317269076306
35.121951219512184,73.49397590361446
35.121951219512184,72.89156626506023
35.121951219512184,73.89558232931726
35.121951219512184,73.69477911646587
35.121951219512184,72.69076305220882
35.121951219512184,72.48995983935743
35.32150776053216,73.69477911646587
35.32150776053216,73.49397590361446
35.32150776053216,72.69076305220882
35.32150776053216,72.28915662650603
35.32150776053216,72.48995983935743
35.32150776053216,72.89156626506023
35.32150776053216,73.09236947791165
35.32150776053216,73.29317269076306
35.521064301552116,73.29317269076306
35.521064301552116,72.69076305220882
35.521064301552116,72.89156626506023
35.521064301552116,73.09236947791165
35.521064301552116,72.48995983935743
35.521064301552116,72.08835341365463
35.521064301552116,71.88755020080322
35.521064301552116,72.28915662650603
35.720620842572075,72.48995983935743
35.720620842572075,71.6867469879518
35.720620842572075,71.4859437751004
35.720620842572075,72.08835341365463
35.720620842572075,72.28915662650603
35.720620842572075,72.89156626506023
35.720620842572075,72.69076305220882
35.720620842572075,71.88755020080322
35.92017738359202,71.6867469879518
35.92017738359202,71.285140562249
35.92017738359202,71.4859437751004
35.92017738359202,71.88755020080322
35.92017738359202,72.08835341365463
35.92017738359202,72.28915662650603
35.92017738359202,71.08433734939759
35.92017738359202,72.48995983935743
35.92017738359202,72.69076305220882
36.11973392461198,71.88755020080322
36.11973392461198,71.08433734939759
36.11973392461198,72.08835341365463
36.11973392461198,72.28915662650603
36.11973392461198,71.6867469879518
36.11973392461198,71.4859437751004
36.11973392461198,70.88353413654617
36.11973392461198,71.285140562249
36.31929046563194,70.48192771084338
36.31929046563194,71.88755020080322
36.31929046563194,71.6867469879518
36.31929046563194,70.68273092369478
36.31929046563194,70.88353413654617
36.31929046563194,71.4859437751004
36.31929046563194,71.08433734939759
36.31929046563194,71.285140562249
36.31929046563194,72.08835341365463
36.51884700665188,70.68273092369478
36.51884700665188,71.6867469879518
36.51884700665188,71.08433734939759
36.51884700665188,70.48192771084338
36.51884700665188,71.4859437751004
36.51884700665188,70.28112449799198
36.51884700665188,70.08032128514057
36.51884700665188,70.88353413654617
36.51884700665188,71.285140562249
36.71840354767184,70.28112449799198
36.71840354767184,70.48192771084338
36.71840354767184,70.08032128514057
36.71840354767184,69.87951807228916
36.71840354767184,70.68273092369478
36.71840354767184,70.88353413654617
36.71840354767184,71.285140562249
36.71840354767184,71.08433734939759
36.917960088691785,70.68273092369478
36.917960088691785,70.08032128514057
36.917960088691785,70.88353413654617
36.917960088691785,69.47791164658635
36.917960088691785,71.08433734939759
36.917960088691785,69.67871485943775
36.917960088691785,70.28112449799198
36.917960088691785,69.87951807228916
36.917960088691785,70.48192771084338
37.117516629711744,69.67871485943775
37.117516629711744,70.48192771084338
37.117516629711744,69.27710843373494
37.117516629711744,69.47791164658635
37.117516629711744,70.28112449799198
37.117516629711744,69.07630522088353
37.117516629711744,69.87951807228916
37.117516629711744,70.68273092369478
37.117516629711744,70.08032128514057
37.3170731707317,69.87951807228916
37.3170731707317,70.28112449799198
37.3170731707317,70.08032128514057
37.3170731707317,69.47791164658635
37.3170731707317,69.27710843373494
37.3170731707317,69.07630522088353
37.3170731707317,68.87550200803213
37.3170731707317,68.67469879518072
37.3170731707317,69.67871485943775
37.51662971175165,69.67871485943775
37.51662971175165,68.27309236947792
37.51662971175165,68.47389558232932
37.51662971175165,69.47791164658635
37.51662971175165,69.27710843373494
37.51662971175165,69.07630522088353
37.51662971175165,70.08032128514057
37.51662971175165,68.67469879518072
37.51662971175165,69.87951807228916
37.51662971175165,68.87550200803213
37.716186252771635,68.67469879518072
37.716186252771635,69.27710843373494
37.716186252771635,68.07228915662651
37.716186252771635,68.87550200803213
37.716186252771635,69.67871485943775
37.716186252771635,68.47389558232932
37.716186252771635,69.07630522088353
37.716186252771635,68.27309236947792
37.716186252771635,69.47791164658635
37.91574279379158,67.8714859437751
37.91574279379158,69.07630522088353
37.91574279379158,68.87550200803213
37.91574279379158,67.67068273092369
37.91574279379158,68.67469879518072
37.91574279379158,69.27710843373494
37.91574279379158,68.47389558232932
37.91574279379158,68.27309236947792
37.91574279379158,68.07228915662651
38.11529933481154,68.27309236947792
38.11529933481154,68.67469879518072
38.11529933481154,68.87550200803213
38.11529933481154,67.46987951807229
38.11529933481154,67.67068273092369
38.11529933481154,68.47389558232932
38.11529933481154,67.26907630522088
38.11529933481154,67.8714859437751
38.11529933481154,68.07228915662651
38.31485587583148,67.06827309236948
38.31485587583148,67.26907630522088
38.31485587583148,66.66666666666667
38.31485587583148,66.86746987951807
38.31485587583148,67.46987951807229
38.31485587583148,68.27309236947792
38.31485587583148,68.67469879518072
38.31485587583148,67.67068273092369
38.31485587583148,68.47389558232932
38.31485587583148,67.8714859437751
38.31485587583148,68.07228915662651
38.51441241685146,66.86746987951807
38.51441241685146,67.06827309236948
38.51441241685146,66.66666666666667
38.51441241685146,66.46586345381526
38.51441241685146,66.26506024096386
38.51441241685146,67.46987951807229
38.51441241685146,67.8714859437751
38.51441241685146,67.67068273092369
38.51441241685146,67.26907630522088
38.51441241685146,68.07228915662651
38.51441241685146,68.27309236947792
38.7139689578714,66.06425702811245
38.7139689578714,67.06827309236948
38.7139689578714,67.26907630522088
38.7139689578714,67.46987951807229
38.7139689578714,67.67068273092369
38.7139689578714,66.86746987951807
38.7139689578714,65.86345381526104
38.7139689578714,66.66666666666667
38.7139689578714,67.8714859437751
38.7139689578714,66.46586345381526
38.7139689578714,66.26506024096386
38.913525498891346,65.46184738955823
38.913525498891346,65.66265060240963
38.913525498891346,65.86345381526104
38.913525498891346,66.06425702811245
38.913525498891346,67.26907630522088
38.913525498891346,66.26506024096386
38.913525498891346,66.46586345381526
38.913525498891346,67.06827309236948
38.913525498891346,66.66666666666667
38.913525498891346,66.86746987951807
39.11308203991132,65.86345381526104
39.11308203991132,65.46184738955823
39.11308203991132,65.06024096385542
39.11308203991132,65.66265060240963
39.11308203991132,67.06827309236948
39.11308203991132,64.85943775100402
39.11308203991132,65.26104417670683
39.11308203991132,66.86746987951807
39.11308203991132,66.06425702811245
39.11308203991132,66.26506024096386
39.11308203991132,66.66666666666667
39.11308203991132,66.46586345381526
39.312638580931264,65.86345381526104
39.312638580931264,66.06425702811245
39.312638580931264,66.26506024096386
39.312638580931264,65.46184738955823
39.312638580931264,66.46586345381526
39.312638580931264,65.66265060240963
39.312638580931264,65.26104417670683
39.312638580931264,64.65863453815261
39.312638580931264,65.06024096385542
39.312638580931264,64.85943775100402
39.312638580931264,64.45783132530121
39.51219512195121,65.26104417670683
39.51219512195121,64.65863453815261
39.51219512195121,64.2570281124498
39.51219512195121,66.06425702811245
39.51219512195121,64.85943775100402
39.51219512195121,64.05622489959839
39.51219512195121,65.06024096385542
39.51219512195121,65.66265060240963
39.51219512195121,65.46184738955823
39.51219512195121,65.86345381526104
39.51219512195121,64.45783132530121
39.71175166297118,64.05622489959839
39.71175166297118,64.2570281124498
39.71175166297118,63.85542168674698
39.71175166297118,63.654618473895574
39.71175166297118,63.45381526104418
39.71175166297118,64.45783132530121
39.71175166297118,65.46184738955823
39.71175166297118,64.85943775100402
39.71175166297118,65.06024096385542
39.71175166297118,65.26104417670683
39.71175166297118,65.66265060240963
39.71175166297118,64.65863453815261
39.911308203991126,64.45783132530121
39.911308203991126,62.85140562248996
39.911308203991126,63.25301204819277
39.911308203991126,63.45381526104418
39.911308203991126,63.654618473895574
39.911308203991126,63.85542168674698
39.911308203991126,64.05622489959839
39.911308203991126,65.06024096385542
39.911308203991126,64.2570281124498
39.911308203991126,64.85943775100402
39.911308203991126,65.26104417670683
39.911308203991126,64.65863453815261
39.911308203991126,63.052208835341375
40.11086474501107,64.2570281124498
40.11086474501107,64.05622489959839
40.11086474501107,63.25301204819277
40.11086474501107,63.052208835341375
40.11086474501107,64.45783132530121
40.11086474501107,62.85140562248996
40.11086474501107,63.654618473895574
40.11086474501107,62.65060240963856
40.11086474501107,64.65863453815261
40.11086474501107,63.45381526104418
40.11086474501107,63.85542168674698
40.11086474501107,62.44979919678715
40.310421286031044,63.654618473895574
40.310421286031044,64.2570281124498
40.310421286031044,62.44979919678715
40.310421286031044,62.24899598393574
40.310421286031044,63.25301204819277
40.310421286031044,63.85542168674698
40.310421286031044,63.052208835341375
40.310421286031044,64.05622489959839
40.310421286031044,63.45381526104418
40.310421286031044,62.04819277108433
40.310421286031044,62.85140562248996
40.310421286031044,62.65060240963856
40.310421286031044,61.847389558232926
40.50997782705102,63.45381526104418
40.50997782705102,62.24899598393574
40.50997782705102,61.847389558232926
40.50997782705102,63.25301204819277
40.50997782705102,62.65060240963856
40.50997782705102,61.44578313253012
40.50997782705102,62.04819277108433
40.50997782705102,63.052208835341375
40.50997782705102,61.64658634538153
40.50997782705102,62.85140562248996
40.50997782705102,62.44979919678715
40.50997782705102,63.654618473895574
40.70953436807096,61.24497991967872
40.70953436807096,61.64658634538153
40.70953436807096,61.847389558232926
40.70953436807096,61.044176706827315
40.70953436807096,62.04819277108433
40.70953436807096,63.052208835341375
40.70953436807096,62.85140562248996
40.70953436807096,62.24899598393574
40.70953436807096,62.65060240963856
40.70953436807096,60.8433734939759
40.70953436807096,62.44979919678715
40.70953436807096,61.44578313253012
40.90909090909091,61.044176706827315
40.90909090909091,60.6425702811245
40.90909090909091,61.44578313253012
40.90909090909091,61.24497991967872
40.90909090909091,62.44979919678715
40.90909090909091,61.64658634538153
40.90909090909091,62.65060240963856
40.90909090909091,62.24899598393574
40.90909090909091,62.04819277108433
40.90909090909091,60.24096385542168
40.90909090909091,61.847389558232926
40.90909090909091,60.8433734939759
40.90909090909091,60.44176706827309
41.10864745011088,61.24497991967872
41.10864745011088,61.64658634538153
41.10864745011088,60.44176706827309
41.10864745011088,60.24096385542168
41.10864745011088,60.040160642570285
41.10864745011088,62.04819277108433
41.10864745011088,60.6425702811245
41.10864745011088,59.83935742971887
41.10864745011088,61.044176706827315
41.10864745011088,61.44578313253012
41.10864745011088,61.847389558232926
41.10864745011088,60.8433734939759
41.308203991130824,61.44578313253012
41.308203991130824,61.24497991967872
41.308203991130824,61.044176706827315
41.308203991130824,60.6425702811245
41.308203991130824,59.83935742971887
41.308203991130824,59.63855421686747
41.308203991130824,60.8433734939759
41.308203991130824,59.43775100401607
41.308203991130824,60.44176706827309
41.308203991130824,59.23694779116466
41.308203991130824,60.24096385542168
41.308203991130824,60.040160642570285
41.50776053215077,58.63453815261044
41.50776053215077,60.6425702811245
41.50776053215077,58.835341365461844
41.50776053215077,60.44176706827309
41.50776053215077,59.036144578313255
41.50776053215077,60.24096385542168
41.50776053215077,60.040160642570285
41.50776053215077,59.23694779116466
41.50776053215077,61.044176706827315
41.50776053215077,59.43775100401607
41.50776053215077,59.63855421686747
41.50776053215077,59.83935742971887
41.50776053215077,60.8433734939759
41.70731707317074,59.23694779116466
41.70731707317074,60.24096385542168
41.70731707317074,60.040160642570285
41.70731707317074,59.43775100401607
41.70731707317074,59.036144578313255
41.70731707317074,60.44176706827309
41.70731707317074,59.63855421686747
41.70731707317074,58.835341365461844
41.70731707317074,58.63453815261044
41.70731707317074,58.43373493975903
41.70731707317074,59.83935742971887
41.70731707317074,58.032128514056225
41.70731707317074,58.23293172690763
41.90687361419069,58.032128514056225
41.90687361419069,57.630522088353416
41.90687361419069,59.63855421686747
41.90687361419069,59.83935742971887
41.90687361419069,59.43775100401607
41.90687361419069,58.43373493975903
41.90687361419069,58.63453815261044
41.90687361419069,60.040160642570285
41.90687361419069,58.835341365461844
41.90687361419069,57.831325301204814
41.90687361419069,59.23694779116466
41.90687361419069,59.036144578313255
41.90687361419069,58.23293172690763
42.10643015521063,59.23694779116466
42.10643015521063,58.032128514056225
42.10643015521063,59.036144578313255
42.10643015521063,57.028112449799195
42.10643015521063,59.43775100401607
42.10643015521063,58.43373493975903
42.10643015521063,57.42971887550201
42.10643015521063,58.23293172690763
42.10643015521063,58.63453815261044
42.10643015521063,57.831325301204814
42.10643015521063,58.835341365461844
42.10643015521063,57.630522088353416
42.10643015521063,57.22891566265061
42.305986696230605,58.63453815261044
42.305986696230605,57.630522088353416
42.305986696230605,57.22891566265061
42.305986696230605,57.028112449799195
42.305986696230605,56.62650602409638
42.305986696230605,56.22489959839358
42.305986696230605,56.827309236947784
42.305986696230605,56.42570281124498
42.305986696230605,57.42971887550201
42.305986696230605,58.032128514056225
42.305986696230605,58.835341365461844
42.305986696230605,58.23293172690763
42.305986696230605,57.831325301204814
42.305986696230605,58.43373493975903
42.50554323725055,57.22891566265061
42.50554323725055,56.42570281124498
42.50554323725055,56.22489959839358
42.50554323725055,58.23293172690763
42.50554323725055,56.02409638554218
42.50554323725055,57.028112449799195
42.50554323725055,57.42971887550201
42.50554323725055,58.032128514056225
42.50554323725055,55.82329317269077
42.50554323725055,56.62650602409638
42.50554323725055,56.827309236947784
42.50554323725055,57.831325301204814
42.50554323725055,57.630522088353416
42.50554323725055,55.62248995983936
42.70509977827052,56.42570281124498
42.70509977827052,55.82329317269077
42.70509977827052,56.827309236947784
42.70509977827052,57.630522088353416
42.70509977827052,56.62650602409638
42.70509977827052,57.22891566265061
42.70509977827052,57.028112449799195
42.70509977827052,56.22489959839358
42.70509977827052,56.02409638554218
42.70509977827052,57.42971887550201
42.70509977827052,55.020080321285135
42.70509977827052,55.22088353413655
42.70509977827052,55.42168674698795
42.70509977827052,55.62248995983936
42.90465631929047,55.22088353413655
42.90465631929047,54.81927710843373
42.90465631929047,56.22489959839358
42.90465631929047,55.42168674698795
42.90465631929047,57.028112449799195
42.90465631929047,56.02409638554218
42.90465631929047,54.61847389558233
42.90465631929047,55.020080321285135
42.90465631929047,56.827309236947784
42.90465631929047,54.41767068273092
42.90465631929047,56.62650602409638
42.90465631929047,55.82329317269077
42.90465631929047,55.62248995983936
42.90465631929047,56.42570281124498
43.10421286031044,55.82329317269077
43.10421286031044,55.42168674698795
43.10421286031044,54.01606425702812
43.10421286031044,54.216867469879524
43.10421286031044,54.41767068273092
43.10421286031044,54.81927710843373
43.10421286031044,56.62650602409638
43.10421286031044,56.42570281124498
43.10421286031044,54.61847389558233
43.10421286031044,56.02409638554218
43.10421286031044,55.62248995983936
43.10421286031044,55.22088353413655
43.10421286031044,55.020080321285135
43.10421286031044,56.22489959839358
43.303769401330385,53.81526104417671
43.303769401330385,55.020080321285135
43.303769401330385,53.6144578313253
43.303769401330385,54.81927710843373
43.303769401330385,54.61847389558233
43.303769401330385,53.41365461847389
43.303769401330385,54.41767068273092
43.303769401330385,54.01606425702812
43.303769401330385,53.21285140562249
43.303769401330385,54.216867469879524
43.303769401330385,56.02409638554218
43.303769401330385,55.82329317269077
43.303769401330385,55.22088353413655
43.303769401330385,55.62248995983936
43.303769401330385,55.42168674698795
43.50332594235033,53.81526104417671
43.50332594235033,54.216867469879524
43.50332594235033,54.41767068273092
43.50332594235033,53.6144578313253
43.50332594235033,53.41365461847389
43.50332594235033,52.610441767068274
43.50332594235033,53.21285140562249
43.50332594235033,54.61847389558233
43.50332594235033,54.01606425702812
43.50332594235033,54.81927710843373
43.50332594235033,53.012048192771076
43.50332594235033,52.81124497991968
43.50332594235033,55.020080321285135
43.50332594235033,55.42168674698795
43.50332594235033,55.22088353413655
43.7028824833703,52.208835341365464
43.7028824833703,53.81526104417671
43.7028824833703,54.61847389558233
43.7028824833703,52.610441767068274
43.7028824833703,53.6144578313253
43.7028824833703,54.01606425702812
43.7028824833703,52.81124497991968
43.7028824833703,53.41365461847389
43.7028824833703,54.216867469879524
43.7028824833703,52.00803212851406
43.7028824833703,54.41767068273092
43.7028824833703,52.409638554216876
43.7028824833703,53.012048192771076
43.7028824833703,53.21285140562249
43.90243902439025,52.610441767068274
43.90243902439025,53.6144578313253
43.90243902439025,53.81526104417671
43.90243902439025,52.00803212851406
43.90243902439025,53.012048192771076
43.90243902439025,52.81124497991968
43.90243902439025,53.41365461847389
43.90243902439025,51.40562248995983
43.90243902439025,51.606425702811244
43.90243902439025,52.208835341365464
43.90243902439025,54.01606425702812
43.90243902439025,53.21285140562249
43.90243902439025,52.409638554216876
43.90243902439025,51.80722891566265
44.10199556541019,51.80722891566265
44.10199556541019,52.81124497991968
44.10199556541019,51.20481927710843
44.10199556541019,52.610441767068274
44.10199556541019,52.00803212851406
44.10199556541019,51.00401606425703
44.10199556541019,50.80321285140562
44.10199556541019,52.208835341365464
44.10199556541019,53.41365461847389
44.10199556541019,51.40562248995983
44.10199556541019,53.012048192771076
44.10199556541019,52.409638554216876
44.10199556541019,53.21285140562249
44.10199556541019,51.606425702811244
44.301552106430165,51.20481927710843
44.301552106430165,52.81124497991968
44.301552106430165,52.00803212851406
44.301552106430165,52.208835341365464
44.301552106430165,52.409638554216876
44.301552106430165,52.610441767068274
44.301552106430165,51.80722891566265
44.301552106430165,51.40562248995983
44.301552106430165,51.606425702811244
44.301552106430165,50.20080321285141
44.301552106430165,50.401606425702816
44.301552106430165,51.00401606425703
44.301552106430165,50.60240963855422
44.301552106430165,50.0
44.301552106430165,50.80321285140562
44.50110864745011,50.401606425702816
44.50110864745011,50.20080321285141
44.50110864745011,49.397590361445786
44.50110864745011,50.60240963855422
44.50110864745011,52.208835341365464
44.50110864745011,51.40562248995983
44.50110864745011,49.598393574297184
44.50110864745011,51.20481927710843
44.50110864745011,50.0
44.50110864745011,51.80722891566265
44.50110864745011,49.79919678714859
44.50110864745011,52.00803212851406
44.50110864745011,50.80321285140562
44.50110864745011,51.606425702811244
44.50110864745011,51.00401606425703
44.700665188470055,49.598393574297184
44.700665188470055,51.20481927710843
44.700665188470055,50.401606425702816
44.700665188470055,49.79919678714859
44.700665188470055,49.397590361445786
44.700665188470055,49.19678714859438
44.700665188470055,48.795180722891565
44.700665188470055,50.0
44.700665188470055,50.20080321285141
44.700665188470055,50.60240963855422
44.700665188470055,51.00401606425703
44.700665188470055,48.99598393574297
44.700665188470055,50.80321285140562
44.700665188470055,51.606425702811244
44.700665188470055,51.40562248995983
44.90022172949,50.0
44.90022172949,49.598393574297184
44.90022172949,49.397590361445786
44.90022172949,48.19277108433735
44.90022172949,48.393574297188756
44.90022172949,50.20080321285141
44.90022172949,50.401606425702816
44.90022172949,48.59437751004017
44.90022172949,48.795180722891565
44.90022172949,49.19678714859438
44.90022172949,49.79919678714859
44.90022172949,48.99598393574297
44.90022172949,51.00401606425703
44.90022172949,50.60240963855422
44.90022172949,50.80321285140562
45.09977827051,50.401606425702816
45.09977827051,48.99598393574297
45.09977827051,50.0
45.09977827051,47.791164658634536
45.09977827051,48.393574297188756
45.09977827051,49.19678714859438
45.09977827051,48.795180722891565
45.09977827051,47.99196787148594
45.09977827051,50.20080321285141
45.09977827051,48.59437751004017
45.09977827051,49.397590361445786
45.09977827051,48.19277108433735
45.09977827051,47.59036144578314
45.09977827051,49.79919678714859
45.09977827051,49.598393574297184
45.299334811529945,47.18875502008032
45.299334811529945,47.99196787148594
45.299334811529945,49.598393574297184
45.299334811529945,48.795180722891565
45.299334811529945,48.393574297188756
45.299334811529945,47.59036144578314
45.299334811529945,49.397590361445786
45.299334811529945,47.389558232931726
45.299334811529945,48.19277108433735
45.299334811529945,48.59437751004017
45.299334811529945,48.99598393574297
45.299334811529945,46.98795180722891
45.299334811529945,49.19678714859438
45.299334811529945,47.791164658634536
45.49889135254989,48.393574297188756
45.49889135254989,46.98795180722891
45.49889135254989,47.18875502008032
45.49889135254989,48.59437751004017
45.49889135254989,48.19277108433735
45.49889135254989,46.78714859437751
45.49889135254989,48.795180722891565
45.49889135254989,47.99196787148594
45.49889135254989,46.18473895582329
45.49889135254989,48.99598393574297
45.49889135254989,47.791164658634536
45.49889135254989,46.3855421686747
45.49889135254989,47.59036144578314
45.49889135254989,47.389558232931726
45.49889135254989,46.58634538152611
45.698447893569835,46.78714859437751
45.698447893569835,46.18473895582329
45.698447893569835,46.98795180722891
45.698447893569835,45.98393574297188
45.698447893569835,45.78313253012048
45.698447893569835,46.58634538152611
45.698447893569835,46.3855421686747
45.698447893569835,45.58232931726908
45.698447893569835,47.18875502008032
45.698447893569835,48.393574297188756
45.698447893569835,47.389558232931726
45.698447893569835,48.19277108433735
45.698447893569835,47.59036144578314
45.698447893569835,47.99196787148594
45.698447893569835,47.791164658634536
45.89800443458981,47.18875502008032
45.89800443458981,45.58232931726908
45.89800443458981,45.98393574297188
45.89800443458981,45.38152610441767
45.89800443458981,46.18473895582329
45.89800443458981,45.18072289156626
45.89800443458981,44.979919678714865
45.89800443458981,46.3855421686747
45.89800443458981,47.791164658634536
45.89800443458981,46.58634538152611
45.89800443458981,47.59036144578314
45.89800443458981,46.78714859437751
45.89800443458981,47.389558232931726
45.89800443458981,45.78313253012048
45.89800443458981,46.98795180722891
46.09756097560975,45.18072289156626
46.09756097560975,44.979919678714865
46.09756097560975,45.38152610441767
46.09756097560975,44.77911646586345
46.09756097560975,45.58232931726908
46.09756097560975,44.17670682730924
46.09756097560975,44.57831325301205
46.09756097560975,44.37751004016064
46.09756097560975,45.78313253012048
46.09756097560975,47.18875502008032
46.09756097560975,45.98393574297188
46.09756097560975,46.98795180722891
46.09756097560975,46.18473895582329
46.09756097560975,46.78714859437751
46.09756097560975,46.58634538152611
46.09756097560975,46.3855421686747
46.2971175166297,43.77510040160642
46.2971175166297,44.57831325301205
46.2971175166297,44.17670682730924
46.2971175166297,44.77911646586345
46.2971175166297,43.975903614457835
46.2971175166297,44.979919678714865
46.2971175166297,45.58232931726908
46.2971175166297,45.18072289156626
46.2971175166297,46.3855421686747
46.2971175166297,44.37751004016064
46.2971175166297,43.57429718875502
46.2971175166297,45.38152610441767
46.2971175166297,46.18473895582329
46.2971175166297,45.98393574297188
46.2971175166297,45.78313253012048
46.49667405764967,43.77510040160642
46.49667405764967,43.975903614457835
46.49667405764967,44.17670682730924
46.49667405764967,43.57429718875502
46.49667405764967,43.37349397590361
46.49667405764967,44.37751004016064
46.49667405764967,43.172690763052216
46.49667405764967,42.971887550200805
46.49667405764967,45.78313253012048
46.49667405764967,44.57831325301205
46.49667405764967,44.77911646586345
46.49667405764967,44.979919678714865
46.49667405764967,45.58232931726908
46.49667405764967,45.38152610441767
46.49667405764967,45.18072289156626
46.696230598669615,44.57831325301205
46.696230598669615,43.172690763052216
46.696230598669615,42.77108433734939
46.696230598669615,43.37349397590361
46.696230598669615,42.971887550200805
46.696230598669615,42.57028112449799
46.696230598669615,42.36947791164659
46.696230598669615,42.168674698795186
46.696230598669615,45.18072289156626
46.696230598669615,43.975903614457835
46.696230598669615,44.979919678714865
46.696230598669615,44.17670682730924
46.696230598669615,44.77911646586345
46.696230598669615,44.37751004016064
46.696230598669615,43.77510040160642
46.696230598669615,43.57429718875502
46.89578713968956,41.56626506024096
46.89578713968956,42.36947791164659
46.89578713968956,42.168674698795186
46.89578713968956,42.57028112449799
46.89578713968956,41.967871485943775
46.89578713968956,42.77108433734939
46.89578713968956,41.76706827309237
46.89578713968956,42.971887550200805
46.89578713968956,43.975903614457835
46.89578713968956,43.172690763052216
46.89578713968956,43.37349397590361
46.89578713968956,44.57831325301205
46.89578713968956,44.37751004016064
46.89578713968956,43.57429718875502
46.89578713968956,44.17670682730924
46.89578713968956,43.77510040160642
47.09534368070953,43.172690763052216
47.09534368070953,40.963855421686745
47.09534368070953,41.164658634538156
47.09534368070953,41.56626506024096
47.09534368070953,41.76706827309237
47.09534368070953,41.967871485943775
47.09534368070953,42.168674698795186
47.09534368070953,41.36546184738956
47.09534368070953,43.77510040160642
47.09534368070953,42.971887550200805
47.09534368070953,42.36947791164659
47.09534368070953,42.57028112449799
47.09534368070953,43.57429718875502
47.09534368070953,43.37349397590361
47.09534368070953,42.77108433734939
47.29490022172948,42.36947791164659
47.29490022172948,40.76305220883534
47.29490022172948,40.963855421686745
47.29490022172948,40.36144578313253
47.29490022172948,41.164658634538156
47.29490022172948,42.971887550200805
47.29490022172948,41.36546184738956
47.29490022172948,40.56224899598394
47.29490022172948,41.56626506024096
47.29490022172948,43.172690763052216
47.29490022172948,41.76706827309237
47.29490022172948,42.77108433734939
47.29490022172948,40.16064257028113
47.29490022172948,41.967871485943775
47.29490022172948,42.57028112449799
47.29490022172948,42.168674698795186
47.49445676274945,41.76706827309237
47.49445676274945,40.56224899598394
47.49445676274945,40.76305220883534
47.49445676274945,42.36947791164659
47.49445676274945,39.75903614457831
47.49445676274945,40.963855421686745
47.49445676274945,39.959839357429715
47.49445676274945,42.168674698795186
47.49445676274945,41.164658634538156
47.49445676274945,40.36144578313253
47.49445676274945,41.36546184738956
47.49445676274945,41.967871485943775
47.49445676274945,41.56626506024096
47.49445676274945,40.16064257028113
47.49445676274945,39.55823293172691
47.694013303769395,39.3574297188755
47.694013303769395,39.959839357429715
47.694013303769395,40.16064257028113
47.694013303769395,40.56224899598394
47.694013303769395,40.36144578313253
47.694013303769395,41.164658634538156
47.694013303769395,40.76305220883534
47.694013303769395,38.955823293172685
47.694013303769395,40.963855421686745
47.694013303769395,39.75903614457831
47.694013303769395,41.36546184738956
47.694013303769395,41.56626506024096
47.694013303769395,41.76706827309237
47.694013303769395,39.55823293172691
47.694013303769395,39.1566265060241
47.89356984478937,40.16064257028113
47.89356984478937,38.955823293172685
47.89356984478937,38.35341365461847
47.89356984478937,38.55421686746988
47.89356984478937,39.959839357429715
47.89356984478937,39.1566265060241
47.89356984478937,38.75502008032129
47.89356984478937,38.15261044176707
47.89356984478937,40.36144578313253
47.89356984478937,39.3574297188755
47.89356984478937,40.56224899598394
47.89356984478937,39.55823293172691
47.89356984478937,40.76305220883534
47.89356984478937,40.963855421686745
47.89356984478937,39.75903614457831
48.09312638580931,38.15261044176707
48.09312638580931,37.951807228915655
48.09312638580931,37.75100401606426
48.09312638580931,37.55020080321285
48.09312638580931,38.55421686746988
48.09312638580931,38.75502008032129
48.09312638580931,38.35341365461847
48.09312638580931,39.959839357429715
48.09312638580931,39.1566265060241
48.09312638580931,39.3574297188755
48.09312638580931,39.75903614457831
48.09312638580931,40.16064257028113
48.09312638580931,38.955823293172685
48.09312638580931,39.55823293172691
48.09312638580931,40.36144578313253
48.29268292682926,37.34939759036144
48.29268292682926,37.75100401606426
48.29268292682926,37.14859437751004
48.29268292682926,37.951807228915655
48.29268292682926,39.55823293172691
48.29268292682926,36.94779116465864
48.29268292682926,38.15261044176707
48.29268292682926,39.75903614457831
48.29268292682926,38.955823293172685
48.29268292682926,36.74698795180723
48.29268292682926,38.35341365461847
48.29268292682926,39.3574297188755
48.29268292682926,39.1566265060241
48.29268292682926,38.55421686746988
48.29268292682926,38.75502008032129
48.29268292682926,37.55020080321285
48.49223946784923,37.14859437751004
48.49223946784923,36.74698795180723
48.49223946784923,38.955823293172685
48.49223946784923,36.54618473895582
48.49223946784923,37.34939759036144
48.49223946784923,36.34538152610441
48.49223946784923,36.94779116465864
48.49223946784923,37.55020080321285
48.49223946784923,36.14457831325302
48.49223946784923,37.75100401606426
48.49223946784923,38.75502008032129
48.49223946784923,37.951807228915655
48.49223946784923,38.55421686746988
48.49223946784923,38.15261044176707
48.49223946784923,39.1566265060241
48.49223946784923,38.35341365461847
48.691796008869176,35.94377510040161
48.691796008869176,36.34538152610441
48.691796008869176,35.7429718875502
48.691796008869176,36.54618473895582
48.691796008869176,35.54216867469879
48.691796008869176,36.74698795180723
48.691796008869176,37.55020080321285
48.691796008869176,36.94779116465864
48.691796008869176,38.35341365461847
48.691796008869176,37.14859437751004
48.691796008869176,38.15261044176707
48.691796008869176,37.951807228915655
48.691796008869176,37.34939759036144
48.691796008869176,37.75100401606426
48.691796008869176,36.14457831325302
48.89135254988912,35.14056224899599
48.89135254988912,35.54216867469879
48.89135254988912,34.93975903614458
48.89135254988912,35.7429718875502
48.89135254988912,35.94377510040161
48.89135254988912,34.738955823293175
48.89135254988912,35.34136546184739
48.89135254988912,36.14457831325302
48.89135254988912,37.55020080321285
48.89135254988912,37.14859437751004
48.89135254988912,36.34538152610441
48.89135254988912,36.94779116465864
48.89135254988912,36.54618473895582
48.89135254988912,37.75100401606426
48.89135254988912,36.74698795180723
48.89135254988912,37.34939759036144
49.09090909090909,34.93975903614458
49.09090909090909,34.53815261044176
49.09090909090909,35.14056224899599
49.09090909090909,34.337349397590366
49.09090909090909,35.34136546184739
49.09090909090909,36.94779116465864
49.09090909090909,34.13654618473896
49.09090909090909,34.738955823293175
49.09090909090909,36.74698795180723
49.09090909090909,35.7429718875502
49.09090909090909,36.54618473895582
49.09090909090909,35.94377510040161
49.09090909090909,36.34538152610441
49.09090909090909,36.14457831325302
49.09090909090909,35.54216867469879
49.29046563192904,33.93574297188755
49.29046563192904,34.337349397590366
49.29046563192904,33.734939759036145
49.29046563192904,34.53815261044176
49.29046563192904,33.53413654618473
49.29046563192904,34.738955823293175
49.29046563192904,36.34538152610441
49.29046563192904,34.13654618473896
49.29046563192904,33.333333333333336
49.29046563192904,34.93975903614458
49.29046563192904,36.14457831325302
49.29046563192904,35.14056224899599
49.29046563192904,35.94377510040161
49.29046563192904,35.34136546184739
49.29046563192904,35.7429718875502
49.29046563192904,35.54216867469879
49.49002217294898,33.53413654618473
49.49002217294898,33.13253012048193
49.49002217294898,33.734939759036145
49.49002217294898,32.93172690763052
49.49002217294898,33.93574297188755
49.49002217294898,35.7429718875502
49.49002217294898,32.730923694779115
49.49002217294898,34.93975903614458
49.49002217294898,33.333333333333336
49.49002217294898,35.54216867469879
49.49002217294898,34.337349397590366
49.49002217294898,35.34136546184739
49.49002217294898,34.53815261044176
49.49002217294898,35.14056224899599
49.49002217294898,34.738955823293175
49.49002217294898,34.13654618473896
49.689578713968956,32.53012048192772
49.689578713968956,32.329317269076306
49.689578713968956,32.93172690763052
49.689578713968956,32.1285140562249
49.689578713968956,33.13253012048193
49.689578713968956,31.92771084337349
49.689578713968956,33.333333333333336
49.689578713968956,32.730923694779115
49.689578713968956,34.93975903614458
49.689578713968956,33.53413654618473
49.689578713968956,34.53815261044176
49.689578713968956,33.734939759036145
49.689578713968956,34.337349397590366
49.689578713968956,33.93574297188755
49.689578713968956,34.13654618473896
49.689578713968956,34.738955823293175
49.88913525498893,33.53413654618473
49.88913525498893,31.726907630522085
49.88913525498893,32.1285140562249
49.88913525498893,31.526104417670687
49.88913525498893,32.329317269076306
49.88913525498893,31.32530120481928
49.88913525498893,32.53012048192772
49.88913525498893,34.337349397590366
49.88913525498893,31.12449799196787
49.88913525498893,32.730923694779115
49.88913525498893,34.13654618473896
49.88913525498893,32.93172690763052
49.88913525498893,33.93574297188755
49.88913525498893,33.13253012048193
49.88913525498893,33.734939759036145
49.88913525498893,33.333333333333336
49.88913525498893,31.92771084337349
50.088691796008874,30.923694779116463
50.088691796008874,30.722891566265066
50.088691796008874,31.32530120481928
50.088691796008874,30.522088353413658
50.088691796008874,31.526104417670687
50.088691796008874,30.32128514056225
50.088691796008874,31.726907630522085
50.088691796008874,31.12449799196787
50.088691796008874,32.1285140562249
50.088691796008874,32.730923694779115
50.088691796008874,33.53413654618473
50.088691796008874,33.333333333333336
50.088691796008874,32.329317269076306
50.088691796008874,33.13253012048193
50.088691796008874,32.53012048192772
50.088691796008874,32.93172690763052
50.088691796008874,31.92771084337349
50.28824833702882,30.12048192771084
50.28824833702882,30.32128514056225
50.28824833702882,30.522088353413658
50.28824833702882,30.722891566265066
50.28824833702882,30.923694779116463
50.28824833702882,31.92771084337349
50.28824833702882,31.12449799196787
50.28824833702882,32.730923694779115
50.28824833702882,31.32530120481928
50.28824833702882,32.53012048192772
50.28824833702882,31.526104417670687
50.28824833702882,32.329317269076306
50.28824833702882,31.726907630522085
50.28824833702882,32.1285140562249
50.28824833702882,32.93172690763052
50.28824833702882,29.718875502008036
50.28824833702882,29.919678714859433
50.48780487804879,31.92771084337349
50.48780487804879,29.919678714859433
50.48780487804879,30.722891566265066
50.48780487804879,28.915662650602414
50.48780487804879,29.718875502008036
50.48780487804879,30.32128514056225
50.48780487804879,31.32530120481928
50.48780487804879,31.726907630522085
50.48780487804879,31.12449799196787
50.48780487804879,29.518072289156628
50.48780487804879,31.526104417670687
50.48780487804879,29.31726907630522
50.48780487804879,30.522088353413658
50.48780487804879,29.11646586345381
50.48780487804879,30.923694779116463
50.48780487804879,32.1285140562249
50.48780487804879,30.12048192771084
50.687361419068736,28.514056224899598
50.687361419068736,30.522088353413658
50.687361419068736,28.714859437751006
50.687361419068736,30.32128514056225
50.687361419068736,31.12449799196787
50.687361419068736,30.722891566265066
50.687361419068736,29.919678714859433
50.687361419068736,28.915662650602414
50.687361419068736,28.31325301204819
50.687361419068736,31.32530120481928
50.687361419068736,29.718875502008036
50.687361419068736,29.518072289156628
50.687361419068736,29.31726907630522
50.687361419068736,28.112449799196792
50.687361419068736,29.11646586345381
50.687361419068736,30.12048192771084
50.687361419068736,30.923694779116463
50.88691796008868,27.510040160642568
50.88691796008868,28.31325301204819
50.88691796008868,28.514056224899598
50.88691796008868,27.911646586345384
50.88691796008868,28.112449799196792
50.88691796008868,27.710843373493976
50.88691796008868,27.30923694779116
50.88691796008868,28.714859437751006
50.88691796008868,30.522088353413658
50.88691796008868,29.11646586345381
50.88691796008868,30.32128514056225
50.88691796008868,28.915662650602414
50.88691796008868,30.12048192771084
50.88691796008868,29.919678714859433
50.88691796008868,29.31726907630522
50.88691796008868,29.718875502008036
50.88691796008868,29.518072289156628
51.086474501108654,26.30522088353414
51.086474501108654,26.506024096385538
51.086474501108654,26.907630522088354
51.086474501108654,26.706827309236946
51.086474501108654,27.510040160642568
51.086474501108654,27.710843373493976
51.086474501108654,27.30923694779116
51.086474501108654,27.911646586345384
51.086474501108654,27.108433734939762
51.086474501108654,29.11646586345381
51.086474501108654,29.31726907630522
51.086474501108654,28.112449799196792
51.086474501108654,29.518072289156628
51.086474501108654,28.915662650602414
51.086474501108654,28.31325301204819
51.086474501108654,29.718875502008036
51.086474501108654,28.714859437751006
51.086474501108654,29.919678714859433
51.086474501108654,28.514056224899598
51.2860310421286,25.502008032128508
51.2860310421286,27.108433734939762
51.2860310421286,25.702811244979916
51.2860310421286,25.903614457831324
51.2860310421286,26.706827309236946
51.2860310421286,26.104417670682732
51.2860310421286,26.506024096385538
51.2860310421286,26.907630522088354
51.2860310421286,26.30522088353414
51.2860310421286,27.30923694779116
51.2860310421286,28.514056224899598
51.2860310421286,28.31325301204819
51.2860310421286,27.911646586345384
51.2860310421286,28.915662650602414
51.2860310421286,27.710843373493976
51.2860310421286,29.11646586345381
51.2860310421286,28.112449799196792
51.2860310421286,28.714859437751006
51.2860310421286,27.510040160642568
51.48558758314854,26.104417670682732
51.48558758314854,25.100401606425706
51.48558758314854,24.899598393574294
51.48558758314854,25.30120481927711
51.48558758314854,26.30522088353414
51.48558758314854,25.702811244979916
51.48558758314854,24.69879518072289
51.48558758314854,25.903614457831324
51.48558758314854,25.502008032128508
51.48558758314854,28.112449799196792
51.48558758314854,27.911646586345384
51.48558758314854,27.510040160642568
51.48558758314854,27.710843373493976
51.48558758314854,27.108433734939762
51.48558758314854,26.907630522088354
51.48558758314854,27.30923694779116
51.48558758314854,28.31325301204819
51.48558758314854,26.506024096385538
51.48558758314854,26.706827309236946
51.68514412416852,24.096385542168676
51.68514412416852,24.899598393574294
51.68514412416852,23.69477911646586
51.68514412416852,24.297188755020084
51.68514412416852,23.895582329317268
51.68514412416852,25.100401606425706
51.68514412416852,24.69879518072289
51.68514412416852,25.30120481927711
51.68514412416852,26.506024096385538
51.68514412416852,25.502008032128508
51.68514412416852,27.108433734939762
51.68514412416852,26.706827309236946
51.68514412416852,26.30522088353414
51.68514412416852,26.907630522088354
51.68514412416852,26.104417670682732
51.68514412416852,27.510040160642568
51.68514412416852,25.903614457831324
51.68514412416852,24.497991967871492
51.68514412416852,27.30923694779116
51.68514412416852,25.702811244979916
51.88470066518846,23.895582329317268
51.88470066518846,24.096385542168676
51.88470066518846,23.092369477911646
51.88470066518846,23.293172690763054
51.88470066518846,24.297188755020084
51.88470066518846,22.891566265060238
51.88470066518846,23.493975903614462
51.88470066518846,23.69477911646586
51.88470066518846,24.497991967871492
51.88470066518846,22.69076305220884
51.88470066518846,25.30120481927711
51.88470066518846,25.903614457831324
51.88470066518846,25.702811244979916
51.88470066518846,25.100401606425706
51.88470066518846,26.104417670682732
51.88470066518846,24.899598393574294
51.88470066518846,26.506024096385538
51.88470066518846,26.30522088353414
51.88470066518846,24.69879518072289
51.88470066518846,25.502008032128508
52.084257206208406,22.891566265060238
52.084257206208406,22.489959839357432
52.084257206208406,23.69477911646586
52.084257206208406,23.092369477911646
52.084257206208406,22.289156626506024
52.084257206208406,21.887550200803208
52.084257206208406,23.293172690763054
52.084257206208406,23.493975903614462
52.084257206208406,25.702811244979916
52.084257206208406,22.69076305220884
52.084257206208406,24.69879518072289
52.084257206208406,22.088353413654616
52.084257206208406,25.100401606425706
52.084257206208406,24.096385542168676
52.084257206208406,24.899598393574294
52.084257206208406,24.497991967871492
52.084257206208406,25.30120481927711
52.084257206208406,24.297188755020084
52.084257206208406,25.502008032128508
52.084257206208406,23.895582329317268
52.28381374722838,21.887550200803208
52.28381374722838,21.485943775100402
52.28381374722838,24.69879518072289
52.28381374722838,21.285140562248994
52.28381374722838,22.289156626506024
52.28381374722838,24.497991967871492
52.28381374722838,22.489959839357432
52.28381374722838,21.084337349397586
52.28381374722838,24.899598393574294
52.28381374722838,22.69076305220884
52.28381374722838,22.088353413654616
52.28381374722838,23.69477911646586
52.28381374722838,21.68674698795181
52.28381374722838,23.895582329317268
52.28381374722838,24.096385542168676
52.28381374722838,23.293172690763054
52.28381374722838,23.092369477911646
52.28381374722838,22.891566265060238
52.28381374722838,24.297188755020084
52.28381374722838,23.493975903614462
52.48337028824835,20.481927710843372
52.48337028824835,20.68273092369478
52.48337028824835,20.88353413654619
52.48337028824835,21.084337349397586
52.48337028824835,20.281124497991964
52.48337028824835,23.69477911646586
52.48337028824835,21.285140562248994
52.48337028824835,20.080321285140567
52.48337028824835,23.895582329317268
52.48337028824835,21.485943775100402
52.48337028824835,21.68674698795181
52.48337028824835,22.891566265060238
52.48337028824835,23.092369477911646
52.48337028824835,23.493975903614462
52.48337028824835,22.69076305220884
52.48337028824835,22.289156626506024
52.48337028824835,22.489959839357432
52.48337028824835,22.088353413654616
52.48337028824835,21.887550200803208
52.48337028824835,23.293172690763054
52.6829268292683,21.887550200803208
52.6829268292683,20.68273092369478
52.6829268292683,20.481927710843372
52.6829268292683,19.277108433734934
52.6829268292683,22.69076305220884
52.6829268292683,20.281124497991964
52.6829268292683,19.477911646586342
52.6829268292683,20.080321285140567
52.6829268292683,23.092369477911646
52.6829268292683,20.88353413654619
52.6829268292683,19.67871485943775
52.6829268292683,19.87951807228916
52.6829268292683,21.084337349397586
52.6829268292683,22.891566265060238
52.6829268292683,21.285140562248994
52.6829268292683,22.289156626506024
52.6829268292683,21.485943775100402
52.6829268292683,22.088353413654616
52.6829268292683,21.68674698795181
52.6829268292683,22.489959839357432
52.88248337028824,19.076305220883537
52.88248337028824,19.477911646586342
52.88248337028824,18.87550200803213
52.88248337028824,18.67469879518072
52.88248337028824,18.473895582329313
52.88248337028824,19.67871485943775
52.88248337028824,19.277108433734934
52.88248337028824,20.68273092369478
52.88248337028824,20.080321285140567
52.88248337028824,20.281124497991964
52.88248337028824,20.481927710843372
52.88248337028824,20.88353413654619
52.88248337028824,21.084337349397586
52.88248337028824,21.485943775100402
52.88248337028824,21.68674698795181
52.88248337028824,22.088353413654616
52.88248337028824,21.887550200803208
52.88248337028824,19.87951807228916
52.88248337028824,21.285140562248994
53.082039911308215,21.084337349397586
53.082039911308215,21.285140562248994
53.082039911308215,18.87550200803213
53.082039911308215,18.473895582329313
53.082039911308215,19.076305220883537
53.082039911308215,18.273092369477915
53.082039911308215,19.277108433734934
53.082039911308215,18.07228915662651
53.082039911308215,19.477911646586342
53.082039911308215,19.67871485943775
53.082039911308215,17.8714859437751
53.082039911308215,20.080321285140567
53.082039911308215,20.281124497991964
53.082039911308215,20.481927710843372
53.082039911308215,20.68273092369478
53.082039911308215,20.88353413654619
53.082039911308215,19.87951807228916
53.082039911308215,18.67469879518072
53.28159645232816,17.8714859437751
53.28159645232816,17.670682730923694
53.28159645232816,18.67469879518072
53.28159645232816,18.07228915662651
53.28159645232816,17.469879518072283
53.28159645232816,18.273092369477915
53.28159645232816,17.26907630522089
53.28159645232816,18.473895582329313
53.28159645232816,17.06827309236948
53.28159645232816,18.87550200803213
53.28159645232816,20.481927710843372
53.28159645232816,19.076305220883537
53.28159645232816,20.281124497991964
53.28159645232816,19.277108433734934
53.28159645232816,20.080321285140567
53.28159645232816,19.477911646586342
53.28159645232816,19.87951807228916
53.28159645232816,19.67871485943775
53.481152993348104,17.06827309236948
53.481152993348104,17.469879518072283
53.481152993348104,16.867469879518072
53.481152993348104,17.670682730923694
53.481152993348104,16.666666666666664
53.481152993348104,17.8714859437751
53.481152993348104,16.465863453815267
53.481152993348104,18.07228915662651
53.481152993348104,19.477911646586342
53.481152993348104,18.273092369477915
53.481152993348104,19.277108433734934
53.481152993348104,18.473895582329313
53.481152993348104,19.076305220883537
53.481152993348104,17.26907630522089
53.481152993348104,18.67469879518072
53.481152993348104,18.87550200803213
53.68070953436808,16.465863453815267
53.68070953436808,16.666666666666664
53.68070953436808,16.26506024096386
53.68070953436808,16.867469879518072
53.68070953436808,16.06425702811245
53.68070953436808,17.06827309236948
53.68070953436808,15.863453815261042
53.68070953436808,17.26907630522089
53.68070953436808,17.8714859437751
53.68070953436808,18.273092369477915
53.68070953436808,17.469879518072283
53.68070953436808,18.07228915662651
53.68070953436808,17.670682730923694
53.68070953436808,18.67469879518072
53.68070953436808,18.473895582329313
53.88026607538802,15.461847389558237
53.88026607538802,16.465863453815267
53.88026607538802,18.07228915662651
53.88026607538802,15.261044176706829
53.88026607538802,16.666666666666664
53.88026607538802,17.26907630522089
53.88026607538802,17.8714859437751
53.88026607538802,16.867469879518072
53.88026607538802,17.670682730923694
53.88026607538802,16.06425702811245
53.88026607538802,17.06827309236948
53.88026607538802,17.469879518072283
53.88026607538802,15.863453815261042
53.88026607538802,16.26506024096386
53.88026607538802,15.662650602409634
54.07982261640797,15.863453815261042
54.07982261640797,17.26907630522089
54.07982261640797,15.261044176706829
54.07982261640797,15.06024096385542
54.07982261640797,14.859437751004013
54.07982261640797,15.662650602409634
54.07982261640797,15.461847389558237
54.07982261640797,14.658634538152615
54.07982261640797,16.06425702811245
54.07982261640797,17.06827309236948
54.07982261640797,16.666666666666664
54.07982261640797,16.465863453815267
54.07982261640797,16.867469879518072
54.07982261640797,16.26506024096386
54.27937915742794,16.465863453815267
54.27937915742794,14.457831325301207
54.27937915742794,14.859437751004013
54.27937915742794,14.658634538152615
54.27937915742794,14.257028112449799
54.27937915742794,15.06024096385542
54.27937915742794,16.26506024096386
54.27937915742794,15.261044176706829
54.27937915742794,14.05622489959839
54.27937915742794,15.863453815261042
54.27937915742794,15.461847389558237
54.27937915742794,16.666666666666664
54.27937915742794,15.662650602409634
54.27937915742794,16.06425702811245
54.478935698447884,14.257028112449799
54.478935698447884,14.05622489959839
54.478935698447884,14.457831325301207
54.478935698447884,13.654618473895585
54.478935698447884,13.855421686746983
54.478935698447884,14.658634538152615
54.478935698447884,13.453815261044177
54.478935698447884,15.863453815261042
54.478935698447884,15.261044176706829
54.478935698447884,15.662650602409634
54.478935698447884,15.461847389558237
54.478935698447884,15.06024096385542
54.478935698447884,16.06425702811245
54.478935698447884,14.859437751004013
54.67849223946783,14.457831325301207
54.67849223946783,13.654618473895585
54.67849223946783,13.253012048192769
54.67849223946783,13.855421686746983
54.67849223946783,14.658634538152615
54.67849223946783,13.05220883534136
54.67849223946783,15.06024096385542
54.67849223946783,14.05622489959839
54.67849223946783,13.453815261044177
54.67849223946783,12.851405622489963
54.67849223946783,14.257028112449799
54.67849223946783,15.261044176706829
54.67849223946783,14.859437751004013
54.8780487804878,13.05220883534136
54.8780487804878,12.851405622489963
54.8780487804878,14.859437751004013
54.8780487804878,13.453815261044177
54.8780487804878,12.650602409638555
54.8780487804878,12.449799196787147
54.8780487804878,13.253012048192769
54.8780487804878,14.05622489959839
54.8780487804878,13.654618473895585
54.8780487804878,14.457831325301207
54.8780487804878,14.658634538152615
54.8780487804878,14.257028112449799
54.8780487804878,13.855421686746983
55.077605321507775,12.449799196787147
55.077605321507775,12.851405622489963
55.077605321507775,14.257028112449799
55.077605321507775,12.248995983935739
55.077605321507775,13.05220883534136
55.077605321507775,13.654618473895585
55.077605321507775,14.05622489959839
55.077605321507775,13.253012048192769
55.077605321507775,12.048192771084343
55.077605321507775,13.855421686746983
55.077605321507775,13.453815261044177
55.077605321507775,11.847389558232935
55.077605321507775,12.650602409638555
55.27716186252772,12.248995983935739
55.27716186252772,11.646586345381527
55.27716186252772,12.449799196787147
55.27716186252772,12.048192771084343
55.27716186252772,11.445783132530119
55.27716186252772,11.847389558232935
55.27716186252772,12.650602409638555
55.27716186252772,13.654618473895585
55.27716186252772,12.851405622489963
55.27716186252772,13.453815261044177
55.27716186252772,13.05220883534136
55.27716186252772,13.253012048192769
55.476718403547665,11.445783132530119
55.476718403547665,11.847389558232935
55.476718403547665,12.048192771084343
55.476718403547665,11.044176706827313
55.476718403547665,12.248995983935739
55.476718403547665,12.650602409638555
55.476718403547665,13.05220883534136
55.476718403547665,12.449799196787147
55.476718403547665,11.24497991967871
55.476718403547665,11.646586345381527
55.476718403547665,12.851405622489963
55.67627494456764,12.048192771084343
55.67627494456764,11.646586345381527
55.67627494456764,11.445783132530119
55.67627494456764,10.642570281124497
55.67627494456764,11.24497991967871
55.67627494456764,10.843373493975905
55.67627494456764,10.441767068273089
55.67627494456764,11.044176706827313
55.67627494456764,12.449799196787147
55.67627494456764,12.248995983935739
55.67627494456764,11.847389558232935
55.87583148558758,11.445783132530119
55.87583148558758,11.24497991967871
55.87583148558758,10.441767068273089
55.87583148558758,10.240963855421692
55.87583148558758,11.847389558232935
55.87583148558758,11.646586345381527
55.87583148558758,11.044176706827313
55.87583148558758,10.642570281124497
55.87583148558758,10.843373493975905
55.87583148558758,12.048192771084343
56.07538802660753,9.839357429718875
56.07538802660753,10.642570281124497
56.07538802660753,10.240963855421692
56.07538802660753,11.445783132530119
56.07538802660753,10.843373493975905
56.07538802660753,10.040160642570283
56.07538802660753,11.24497991967871
56.07538802660753,10.441767068273089
56.07538802660753,11.044176706827313
56.2749445676275,10.441767068273089
56.2749445676275,10.843373493975905
56.2749445676275,11.044176706827313
56.2749445676275,9.638554216867467
56.2749445676275,10.642570281124497
56.2749445676275,9.437751004016059
56.2749445676275,11.24497991967871
56.2749445676275,9.839357429718875
56.2749445676275,10.040160642570283
56.2749445676275,10.240963855421692
56.474501108647445,9.236947791164663
56.474501108647445,9.839357429718875
56.474501108647445,10.441767068273089
56.474501108647445,10.240963855421692
56.474501108647445,10.642570281124497
56.474501108647445,9.638554216867467
56.474501108647445,9.437751004016059
56.474501108647445,10.040160642570283
56.67405764966739,9.036144578313255
56.67405764966739,9.638554216867467
56.67405764966739,9.236947791164663
56.67405764966739,10.240963855421692
56.67405764966739,9.839357429718875
56.67405764966739,10.040160642570283
56.67405764966739,10.441767068273089
56.67405764966739,9.437751004016059
56.87361419068736,9.839357429718875
56.87361419068736,9.437751004016059
56.87361419068736,9.638554216867467
56.87361419068736,9.036144578313255
56.87361419068736,10.040160642570283
56.87361419068736,9.236947791164663
56.87361419068736,8.835341365461847
57.07317073170731,9.236947791164663
57.07317073170731,9.036144578313255
57.07317073170731,8.835341365461847
57.07317073170731,9.437751004016059
57.07317073170731,9.638554216867467
57.07317073170731,8.634538152610439
57.27272727272728,8.433734939759042
57.27272727272728,9.437751004016059
57.27272727272728,8.835341365461847
57.27272727272728,9.236947791164663
57.27272727272728,9.036144578313255
57.27272727272728,8.634538152610439
57.472283813747225,8.835341365461847
57.472283813747225,8.433734939759042
57.472283813747225,9.236947791164663
57.472283813747225,8.634538152610439
57.472283813747225,9.036144578313255
57.6718403547672,8.433734939759042
57.6718403547672,8.232931726907633
57.6718403547672,9.036144578313255
57.6718403547672,8.634538152610439
57.6718403547672,8.835341365461847
57.87139689578714,8.634538152610439
57.87139689578714,8.232931726907633
57.87139689578714,9.036144578313255
57.87139689578714,8.835341365461847
57.87139689578714,8.433734939759042
58.07095343680709,8.835341365461847
58.07095343680709,8.232931726907633
58.07095343680709,8.634538152610439
58.07095343680709,8.433734939759042
58.27050997782706,8.433734939759042
58.27050997782706,8.634538152610439
58.27050997782706,8.835341365461847
58.27050997782706,8.232931726907633
58.470066518847005,8.433734939759042
58.470066518847005,8.835341365461847
58.470066518847005,8.634538152610439
58.470066518847005,8.232931726907633
58.66962305986695,8.232931726907633
58.66962305986695,8.835341365461847
58.66962305986695,8.032128514056225
58.66962305986695,8.634538152610439
58.66962305986695,8.433734939759042
58.86917960088692,8.232931726907633
58.86917960088692,8.634538152610439
58.86917960088692,8.032128514056225
58.86917960088692,8.835341365461847
58.86917960088692,8.433734939759042
59.06873614190687,8.835341365461847
59.06873614190687,8.232931726907633
59.06873614190687,8.032128514056225
59.06873614190687,8.433734939759042
59.06873614190687,8.634538152610439
59.26829268292681,8.634538152610439
59.26829268292681,8.032128514056225
59.26829268292681,8.835341365461847
59.26829268292681,8.232931726907633
59.26829268292681,8.433734939759042
59.467849223946786,8.433734939759042
59.467849223946786,8.634538152610439
59.467849223946786,8.032128514056225
59.467849223946786,8.232931726907633
59.66740576496676,8.433734939759042
59.66740576496676,8.634538152610439
59.66740576496676,8.232931726907633
59.66740576496676,7.831325301204817
59.66740576496676,8.032128514056225
59.8669623059867,8.634538152610439
59.8669623059867,8.433734939759042
59.8669623059867,8.232931726907633
59.8669623059867,7.831325301204817
59.8669623059867,8.032128514056225
60.06651884700665,7.831325301204817
60.06651884700665,8.032128514056225
60.06651884700665,7.630522088353409
60.06651884700665,8.232931726907633
60.06651884700665,8.433734939759042
60.26607538802662,8.032128514056225
60.26607538802662,7.630522088353409
60.26607538802662,7.831325301204817
60.26607538802662,8.232931726907633
60.26607538802662,8.433734939759042
60.465631929046566,7.630522088353409
60.465631929046566,7.831325301204817
60.465631929046566,8.232931726907633
60.465631929046566,8.032128514056225
60.66518847006651,7.429718875502012
60.66518847006651,7.831325301204817
60.66518847006651,7.630522088353409
60.66518847006651,8.032128514056225
60.66518847006651,8.232931726907633
60.864745011086484,7.630522088353409
60.864745011086484,7.429718875502012
60.864745011086484,7.831325301204817
60.864745011086484,8.032128514056225
61.06430155210643,8.032128514056225
61.06430155210643,7.2289156626506035
61.06430155210643,7.831325301204817
61.06430155210643,7.429718875502012
61.06430155210643,7.630522088353409
61.26385809312637,7.2289156626506035
61.26385809312637,7.429718875502012
61.26385809312637,7.630522088353409
61.26385809312637,8.032128514056225
61.26385809312637,7.831325301204817
61.463414634146346,7.028112449799195
61.463414634146346,7.2289156626506035
61.463414634146346,7.831325301204817
61.463414634146346,7.630522088353409
61.463414634146346,7.429718875502012
61.66297117516629,7.630522088353409
61.66297117516629,7.831325301204817
61.66297117516629,7.028112449799195
61.66297117516629,7.429718875502012
61.66297117516629,7.2289156626506035
61.862527716186236,7.429718875502012
61.862527716186236,7.630522088353409
61.862527716186236,7.2289156626506035
61.862527716186236,6.827309236947787
61.862527716186236,7.028112449799195
62.06208425720621,7.429718875502012
62.06208425720621,7.2289156626506035
62.06208425720621,6.827309236947787
62.06208425720621,7.028112449799195
62.06208425720621,7.630522088353409
62.26164079822618,7.429718875502012
62.26164079822618,7.2289156626506035
62.26164079822618,6.827309236947787
62.26164079822618,7.028112449799195
62.26164079822618,6.62650602409639
62.46119733924613,6.827309236947787
62.46119733924613,6.62650602409639
62.46119733924613,7.028112449799195
62.46119733924613,7.2289156626506035
62.46119733924613,7.429718875502012
62.66075388026607,6.425702811244982
62.66075388026607,7.2289156626506035
62.66075388026607,6.827309236947787
62.66075388026607,6.62650602409639
62.66075388026607,7.028112449799195
62.860310421286044,7.2289156626506035
62.860310421286044,6.425702811244982
62.860310421286044,6.827309236947787
62.860310421286044,6.62650602409639
62.860310421286044,7.028112449799195
63.05986696230599,6.62650602409639
63.05986696230599,6.2248995983935735
63.05986696230599,6.425702811244982
63.05986696230599,6.827309236947787
63.05986696230599,7.028112449799195
63.259423503325934,6.2248995983935735
63.259423503325934,6.827309236947787
63.259423503325934,6.62650602409639
63.259423503325934,7.028112449799195
63.259423503325934,6.425702811244982
63.45898004434591,6.024096385542165
63.45898004434591,6.827309236947787
63.45898004434591,6.62650602409639
63.45898004434591,6.425702811244982
63.45898004434591,6.2248995983935735
63.65853658536585,6.2248995983935735
63.65853658536585,6.425702811244982
63.65853658536585,6.024096385542165
63.65853658536585,6.62650602409639
63.65853658536585,6.827309236947787
63.858093126385796,6.62650602409639
63.858093126385796,6.024096385542165
63.858093126385796,6.425702811244982
63.858093126385796,5.823293172690757
63.858093126385796,6.2248995983935735
64.05764966740577,6.425702811244982
64.05764966740577,6.024096385542165
64.05764966740577,5.823293172690757
64.05764966740577,6.62650602409639
64.05764966740577,6.2248995983935735
64.25720620842571,6.2248995983935735
64.25720620842571,5.823293172690757
64.25720620842571,6.024096385542165
64.25720620842571,6.425702811244982
64.25720620842571,5.622489959839361
64.45676274944566,6.024096385542165
64.45676274944566,5.823293172690757
64.45676274944566,5.622489959839361
64.45676274944566,6.2248995983935735
64.45676274944566,6.425702811244982
64.65631929046563,5.421686746987953
64.65631929046563,5.823293172690757
64.65631929046563,6.2248995983935735
64.65631929046563,5.622489959839361
64.65631929046563,6.024096385542165
64.8558758314856,5.622489959839361
64.8558758314856,5.421686746987953
64.8558758314856,6.024096385542165
64.8558758314856,5.823293172690757
64.8558758314856,6.2248995983935735
65.05543237250555,6.024096385542165
65.05543237250555,5.622489959839361
65.05543237250555,5.421686746987953
65.05543237250555,5.823293172690757
65.05543237250555,5.2208835341365445
65.2549889135255,5.421686746987953
65.2549889135255,5.2208835341365445
65.2549889135255,5.823293172690757
65.2549889135255,5.622489959839361
65.2549889135255,6.024096385542165
65.45454545454547,5.2208835341365445
65.45454545454547,5.823293172690757
65.45454545454547,5.622489959839361
65.45454545454547,5.421686746987953
65.65410199556541,5.2208835341365445
65.65410199556541,5.823293172690757
65.65410199556541,5.020080321285136
65.65410199556541,5.622489959839361
65.65410199556541,5.421686746987953
65.85365853658536,5.2208835341365445
65.85365853658536,5.622489959839361
65.85365853658536,5.020080321285136
65.85365853658536,5.421686746987953
66.05321507760533,5.2208835341365445
66.05321507760533,5.020080321285136
66.05321507760533,5.622489959839361
66.05321507760533,5.421686746987953
66.25277161862527,5.622489959839361
66.25277161862527,5.2208835341365445
66.25277161862527,5.421686746987953
66.25277161862527,5.020080321285136
66.25277161862527,4.81927710843374
66.45232815964522,4.81927710843374
66.45232815964522,5.421686746987953
66.45232815964522,5.2208835341365445
66.45232815964522,5.622489959839361
66.45232815964522,5.020080321285136
66.65188470066519,5.421686746987953
66.65188470066519,5.2208835341365445
66.65188470066519,5.020080321285136
66.65188470066519,4.81927710843374
66.85144124168514,4.81927710843374
66.85144124168514,5.2208835341365445
66.85144124168514,5.421686746987953
66.85144124168514,5.020080321285136
67.05099778270511,5.421686746987953
67.05099778270511,5.2208835341365445
67.05099778270511,4.81927710843374
67.05099778270511,4.618473895582332
67.05099778270511,5.020080321285136
67.25055432372505,5.421686746987953
67.25055432372505,4.81927710843374
67.25055432372505,5.2208835341365445
67.25055432372505,4.618473895582332
67.25055432372505,5.020080321285136
67.45011086474503,4.618473895582332
67.45011086474503,4.81927710843374
67.45011086474503,5.2208835341365445
67.45011086474503,5.020080321285136
67.64966740576497,4.618473895582332
67.64966740576497,5.2208835341365445
67.64966740576497,4.81927710843374
67.64966740576497,5.020080321285136
67.84922394678492,4.618473895582332
67.84922394678492,5.020080321285136
67.84922394678492,4.417670682730924
67.84922394678492,5.2208835341365445
67.84922394678492,4.81927710843374
68.04878048780489,4.81927710843374
68.04878048780489,5.2208835341365445
68.04878048780489,4.618473895582332
68.04878048780489,5.020080321285136
68.04878048780489,4.417670682730924
68.24833702882484,5.020080321285136
68.24833702882484,5.2208835341365445
68.24833702882484,4.417670682730924
68.24833702882484,4.81927710843374
68.24833702882484,4.618473895582332
68.44789356984478,4.81927710843374
68.44789356984478,4.618473895582332
68.44789356984478,4.417670682730924
68.44789356984478,5.020080321285136
68.64745011086475,5.020080321285136
68.64745011086475,4.81927710843374
68.64745011086475,4.417670682730924
68.64745011086475,4.618473895582332
68.8470066518847,4.81927710843374
68.8470066518847,5.020080321285136
68.8470066518847,4.417670682730924
68.8470066518847,4.216867469879515
68.8470066518847,4.618473895582332
69.04656319290464,4.216867469879515
69.04656319290464,5.020080321285136
69.04656319290464,4.81927710843374
69.04656319290464,4.618473895582332
69.04656319290464,4.417670682730924
69.24611973392462,4.216867469879515
69.24611973392462,4.618473895582332
69.24611973392462,4.417670682730924
69.24611973392462,4.81927710843374
69.44567627494459,4.216867469879515
69.44567627494459,4.417670682730924
69.44567627494459,4.81927710843374
69.44567627494459,4.618473895582332
69.44567627494459,4.016064257028118
69.64523281596453,4.81927710843374
69.64523281596453,4.618473895582332
69.64523281596453,4.417670682730924
69.64523281596453,4.016064257028118
69.64523281596453,4.216867469879515
69.84478935698448,4.417670682730924
69.84478935698448,4.618473895582332
69.84478935698448,4.216867469879515
69.84478935698448,4.016064257028118
70.04434589800445,4.016064257028118
70.04434589800445,4.216867469879515
70.04434589800445,3.81526104417671
70.04434589800445,4.618473895582332
70.04434589800445,4.417670682730924
70.2439024390244,4.016064257028118
70.2439024390244,3.81526104417671
70.2439024390244,4.216867469879515
70.2439024390244,4.618473895582332
70.2439024390244,4.417670682730924
70.44345898004434,4.016064257028118
70.44345898004434,4.216867469879515
70.44345898004434,4.417670682730924
70.44345898004434,3.81526104417671
70.64301552106431,4.016064257028118
70.64301552106431,4.216867469879515
70.64301552106431,3.81526104417671
70.64301552106431,4.417670682730924
70.84257206208426,3.81526104417671
70.84257206208426,4.417670682730924
70.84257206208426,3.6144578313253017
70.84257206208426,4.216867469879515
70.84257206208426,4.016064257028118
71.0421286031042,4.417670682730924
71.0421286031042,3.6144578313253017
71.0421286031042,4.216867469879515
71.0421286031042,3.81526104417671
71.0421286031042,4.016064257028118
71.24168514412418,3.6144578313253017
71.24168514412418,3.81526104417671
71.24168514412418,4.016064257028118
71.24168514412418,4.216867469879515
71.44124168514412,3.81526104417671
71.44124168514412,4.216867469879515
71.44124168514412,3.6144578313253017
71.44124168514412,4.016064257028118
71.64079822616407,4.216867469879515
71.64079822616407,3.81526104417671
71.64079822616407,3.4136546184738936
71.64079822616407,3.6144578313253017
71.64079822616407,4.016064257028118
71.84035476718404,4.016064257028118
71.84035476718404,3.4136546184738936
71.84035476718404,3.6144578313253017
71.84035476718404,3.81526104417671
72.03991130820401,4.016064257028118
72.03991130820401,3.81526104417671
72.03991130820401,3.4136546184738936
72.03991130820401,3.6144578313253017
72.23946784922396,4.016064257028118
72.23946784922396,3.4136546184738936
72.23946784922396,3.81526104417671
72.23946784922396,3.6144578313253017
72.23946784922396,3.2128514056224855
72.4390243902439,3.2128514056224855
72.4390243902439,3.81526104417671
72.4390243902439,3.4136546184738936
72.4390243902439,4.016064257028118
72.4390243902439,3.6144578313253017
72.63858093126387,3.6144578313253017
72.63858093126387,3.81526104417671
72.63858093126387,3.2128514056224855
72.63858093126387,3.4136546184738936
72.83813747228382,3.6144578313253017
72.83813747228382,3.81526104417671
72.83813747228382,3.4136546184738936
72.83813747228382,3.0120481927710885
72.83813747228382,3.2128514056224855
73.03769401330376,3.81526104417671
73.03769401330376,3.6144578313253017
73.03769401330376,3.0120481927710885
73.03769401330376,3.4136546184738936
73.03769401330376,3.2128514056224855
73.23725055432374,3.2128514056224855
73.23725055432374,3.4136546184738936
73.23725055432374,3.6144578313253017
73.23725055432374,3.0120481927710885
73.43680709534368,3.2128514056224855
73.43680709534368,3.6144578313253017
73.43680709534368,3.4136546184738936
73.43680709534368,3.0120481927710885
73.43680709534368,2.8112449799196804
73.63636363636363,3.2128514056224855
73.63636363636363,3.4136546184738936
73.63636363636363,3.0120481927710885
73.63636363636363,3.6144578313253017
73.63636363636363,2.8112449799196804
73.83592017738357,3.4136546184738936
73.83592017738357,3.0120481927710885
73.83592017738357,2.8112449799196804
73.83592017738357,3.2128514056224855
74.03547671840354,3.0120481927710885
74.03547671840354,3.2128514056224855
74.03547671840354,3.4136546184738936
74.03547671840354,2.8112449799196804
74.23503325942352,3.2128514056224855
74.23503325942352,2.8112449799196804
74.23503325942352,3.0120481927710885
74.23503325942352,2.6104417670682722
74.23503325942352,3.4136546184738936
74.43458980044346,3.0120481927710885
74.43458980044346,2.8112449799196804
74.43458980044346,2.6104417670682722
74.43458980044346,3.4136546184738936
74.43458980044346,3.2128514056224855
74.63414634146343,3.2128514056224855
74.63414634146343,3.0120481927710885
74.63414634146343,2.8112449799196804
74.63414634146343,2.6104417670682722
74.83370288248338,2.409638554216864
74.83370288248338,3.2128514056224855
74.83370288248338,3.0120481927710885
74.83370288248338,2.8112449799196804
74.83370288248338,2.6104417670682722
75.03325942350332,2.409638554216864
75.03325942350332,2.8112449799196804
75.03325942350332,3.0120481927710885
75.03325942350332,2.6104417670682722
75.03325942350332,3.2128514056224855
75.2328159645233,3.2128514056224855
75.2328159645233,2.6104417670682722
75.2328159645233,2.409638554216864
75.2328159645233,3.0120481927710885
75.2328159645233,2.8112449799196804
75.43237250554324,2.8112449799196804
75.43237250554324,2.6104417670682722
75.43237250554324,2.409638554216864
75.43237250554324,3.0120481927710885
75.63192904656319,2.409638554216864
75.63192904656319,2.8112449799196804
75.63192904656319,2.6104417670682722
75.63192904656319,3.0120481927710885
75.83148558758313,2.409638554216864
75.83148558758313,2.208835341365467
75.83148558758313,3.0120481927710885
75.83148558758313,2.8112449799196804
75.83148558758313,2.6104417670682722
76.0310421286031,2.8112449799196804
76.0310421286031,2.6104417670682722
76.0310421286031,2.409638554216864
76.0310421286031,2.208835341365467
76.0310421286031,3.0120481927710885
76.23059866962305,2.6104417670682722
76.23059866962305,2.409638554216864
76.23059866962305,2.208835341365467
76.23059866962305,2.8112449799196804
76.430155210643,2.8112449799196804
76.430155210643,2.409638554216864
76.430155210643,2.6104417670682722
76.430155210643,2.208835341365467
76.62971175166297,2.208835341365467
76.62971175166297,2.6104417670682722
76.62971175166297,2.8112449799196804
76.62971175166297,2.409638554216864
76.82926829268294,2.208835341365467
76.82926829268294,2.6104417670682722
76.82926829268294,2.008032128514059
76.82926829268294,2.8112449799196804
76.82926829268294,2.409638554216864
77.02882483370288,2.008032128514059
77.02882483370288,2.208835341365467
77.02882483370288,2.8112449799196804
77.02882483370288,2.6104417670682722
77.02882483370288,2.409638554216864
77.22838137472283,2.6104417670682722
77.22838137472283,2.208835341365467
77.22838137472283,2.008032128514059
77.22838137472283,2.409638554216864
77.4279379157428,2.409638554216864
77.4279379157428,2.208835341365467
77.4279379157428,2.008032128514059
77.4279379157428,2.6104417670682722
77.62749445676275,2.208835341365467
77.62749445676275,2.008032128514059
77.62749445676275,2.6104417670682722
77.62749445676275,2.409638554216864
77.82705099778269,2.008032128514059
77.82705099778269,2.409638554216864
77.82705099778269,2.208835341365467
77.82705099778269,2.6104417670682722
78.02660753880266,2.409638554216864
78.02660753880266,1.8072289156626509
78.02660753880266,2.008032128514059
78.02660753880266,2.208835341365467
78.02660753880266,2.6104417670682722
78.22616407982261,2.208835341365467
78.22616407982261,1.8072289156626509
78.22616407982261,2.6104417670682722
78.22616407982261,2.409638554216864
78.22616407982261,2.008032128514059
78.42572062084255,2.008032128514059
78.42572062084255,2.6104417670682722
78.42572062084255,1.8072289156626509
78.42572062084255,2.208835341365467
78.42572062084255,2.409638554216864
78.62527716186253,2.208835341365467
78.62527716186253,2.008032128514059
78.62527716186253,2.409638554216864
78.62527716186253,1.8072289156626509
78.62527716186253,2.6104417670682722
78.82483370288247,2.6104417670682722
78.82483370288247,2.008032128514059
78.82483370288247,2.409638554216864
78.82483370288247,1.8072289156626509
78.82483370288247,2.208835341365467
79.02439024390242,2.208835341365467
79.02439024390242,1.8072289156626509
79.02439024390242,2.6104417670682722
79.02439024390242,2.409638554216864
79.02439024390242,2.008032128514059
79.22394678492239,2.409638554216864
79.22394678492239,1.8072289156626509
79.22394678492239,2.6104417670682722
79.22394678492239,2.208835341365467
79.22394678492239,2.008032128514059
79.42350332594236,2.008032128514059
79.42350332594236,2.6104417670682722
79.42350332594236,1.8072289156626509
79.42350332594236,2.208835341365467
79.42350332594236,2.409638554216864
79.62305986696231,2.409638554216864
79.62305986696231,2.008032128514059
79.62305986696231,1.8072289156626509
79.62305986696231,2.208835341365467
79.82261640798225,2.208835341365467
79.82261640798225,2.008032128514059
79.82261640798225,2.409638554216864
79.82261640798225,1.8072289156626509
80.02217294900223,2.409638554216864
80.02217294900223,2.208835341365467
80.02217294900223,1.8072289156626509
80.02217294900223,2.008032128514059
80.22172949002217,2.208835341365467
80.22172949002217,2.409638554216864
80.22172949002217,1.8072289156626509
80.22172949002217,2.008032128514059
80.42128603104211,2.008032128514059
80.42128603104211,1.8072289156626509
80.42128603104211,2.208835341365467
80.42128603104211,2.409638554216864
80.62084257206209,2.409638554216864
80.62084257206209,1.8072289156626509
80.62084257206209,2.208835341365467
80.62084257206209,2.008032128514059
80.82039911308203,2.208835341365467
80.82039911308203,1.8072289156626509
80.82039911308203,2.008032128514059
80.82039911308203,2.409638554216864
81.01995565410198,2.208835341365467
81.01995565410198,1.8072289156626509
81.01995565410198,2.008032128514059
81.01995565410198,2.409638554216864
81.21951219512195,1.8072289156626509
81.21951219512195,2.409638554216864
81.21951219512195,2.008032128514059
81.21951219512195,2.208835341365467
81.4190687361419,2.409638554216864
81.4190687361419,2.208835341365467
81.4190687361419,2.008032128514059
81.4190687361419,1.8072289156626509
81.61862527716187,2.409638554216864
81.61862527716187,1.8072289156626509
81.61862527716187,2.008032128514059
81.61862527716187,2.208835341365467
81.81818181818181,2.008032128514059
81.81818181818181,1.8072289156626509
81.81818181818181,2.208835341365467
81.81818181818181,2.409638554216864
82.01773835920179,1.8072289156626509
82.01773835920179,2.6104417670682722
82.01773835920179,2.208835341365467
82.01773835920179,2.008032128514059
82.01773835920179,2.409638554216864
82.21729490022173,2.409638554216864
82.21729490022173,1.8072289156626509
82.21729490022173,2.208835341365467
82.21729490022173,2.008032128514059
82.21729490022173,2.6104417670682722
82.41685144124168,2.409638554216864
82.41685144124168,2.208835341365467
82.41685144124168,2.008032128514059
82.41685144124168,1.8072289156626509
82.41685144124168,2.6104417670682722
82.61640798226165,2.6104417670682722
82.61640798226165,2.208835341365467
82.61640798226165,2.409638554216864
82.61640798226165,1.8072289156626509
82.61640798226165,2.008032128514059
82.8159645232816,2.6104417670682722
82.8159645232816,1.8072289156626509
82.8159645232816,2.208835341365467
82.8159645232816,2.008032128514059
82.8159645232816,2.409638554216864
83.01552106430154,1.8072289156626509
83.01552106430154,2.008032128514059
83.01552106430154,2.208835341365467
83.01552106430154,2.6104417670682722
83.01552106430154,2.409638554216864
83.21507760532151,1.8072289156626509
83.21507760532151,2.6104417670682722
83.21507760532151,2.409638554216864
83.21507760532151,2.208835341365467
83.21507760532151,2.008032128514059
83.41463414634146,1.8072289156626509
83.41463414634146,2.208835341365467
83.41463414634146,2.409638554216864
83.41463414634146,2.6104417670682722
83.41463414634146,2.008032128514059
83.6141906873614,2.6104417670682722
83.6141906873614,2.208835341365467
83.6141906873614,2.409638554216864
83.6141906873614,1.8072289156626509
83.6141906873614,2.008032128514059
83.81374722838137,1.8072289156626509
83.81374722838137,2.208835341365467
83.81374722838137,2.409638554216864
83.81374722838137,2.008032128514059
83.81374722838137,2.6104417670682722
84.01330376940135,2.208835341365467
84.01330376940135,1.8072289156626509
84.01330376940135,2.409638554216864
84.01330376940135,2.008032128514059
84.21286031042129,1.8072289156626509
84.21286031042129,2.208835341365467
84.21286031042129,2.008032128514059
84.21286031042129,2.409638554216864
84.41241685144124,2.208835341365467
84.41241685144124,2.409638554216864
84.41241685144124,2.008032128514059
84.41241685144124,1.8072289156626509
84.61197339246121,1.8072289156626509
84.61197339246121,2.008032128514059
84.61197339246121,2.409638554216864
84.61197339246121,2.208835341365467
84.81152993348115,2.208835341365467
84.81152993348115,2.409638554216864
84.81152993348115,1.8072289156626509
84.81152993348115,2.008032128514059
85.0110864745011,1.8072289156626509
85.0110864745011,2.409638554216864
85.0110864745011,2.208835341365467
85.0110864745011,2.008032128514059
85.21064301552107,2.409638554216864
85.21064301552107,2.008032128514059
85.21064301552107,2.208835341365467
85.21064301552107,1.8072289156626509
85.21064301552107,1.6064257028112428
85.41019955654102,1.6064257028112428
85.41019955654102,2.409638554216864
85.41019955654102,2.208835341365467
85.41019955654102,1.8072289156626509
85.41019955654102,2.008032128514059
85.60975609756096,2.208835341365467
85.60975609756096,2.008032128514059
85.60975609756096,1.6064257028112428
85.60975609756096,2.409638554216864
85.60975609756096,1.8072289156626509
85.80931263858093,1.6064257028112428
85.80931263858093,2.409638554216864
85.80931263858093,2.208835341365467
85.80931263858093,2.008032128514059
85.80931263858093,1.8072289156626509
86.00886917960088,2.208835341365467
86.00886917960088,2.008032128514059
86.00886917960088,1.8072289156626509
86.00886917960088,1.6064257028112428
86.20842572062082,1.6064257028112428
86.20842572062082,2.208835341365467
86.20842572062082,2.008032128514059
86.20842572062082,1.8072289156626509
86.4079822616408,2.208835341365467
86.4079822616408,1.6064257028112428
86.4079822616408,2.008032128514059
86.4079822616408,1.8072289156626509
86.60753880266077,2.008032128514059
86.60753880266077,1.6064257028112428
86.60753880266077,2.208835341365467
86.60753880266077,1.8072289156626509
86.80709534368071,1.8072289156626509
86.80709534368071,1.6064257028112428
86.80709534368071,2.208835341365467
86.80709534368071,2.008032128514059
87.00665188470066,1.6064257028112428
87.00665188470066,2.208835341365467
87.00665188470066,2.008032128514059
87.00665188470066,1.8072289156626509
87.20620842572063,2.208835341365467
87.20620842572063,1.4056224899598346
87.20620842572063,1.6064257028112428
87.20620842572063,2.008032128514059
87.20620842572063,1.8072289156626509
87.40576496674058,1.6064257028112428
87.40576496674058,2.208835341365467
87.40576496674058,1.4056224899598346
87.40576496674058,1.8072289156626509
87.40576496674058,2.008032128514059
87.60532150776052,2.208835341365467
87.60532150776052,1.8072289156626509
87.60532150776052,1.4056224899598346
87.60532150776052,1.6064257028112428
87.60532150776052,2.008032128514059
87.8048780487805,1.8072289156626509
87.8048780487805,1.6064257028112428
87.8048780487805,1.4056224899598346
87.8048780487805,2.008032128514059
87.8048780487805,2.208835341365467
88.00443458980044,1.6064257028112428
88.00443458980044,1.4056224899598346
88.00443458980044,1.8072289156626509
88.00443458980044,2.208835341365467
88.00443458980044,2.008032128514059
88.20399113082038,2.008032128514059
88.20399113082038,1.8072289156626509
88.20399113082038,1.6064257028112428
88.20399113082038,1.4056224899598346
88.20399113082038,2.208835341365467
88.40354767184036,1.8072289156626509
88.40354767184036,1.6064257028112428
88.40354767184036,2.008032128514059
88.40354767184036,1.4056224899598346
88.6031042128603,1.6064257028112428
88.6031042128603,1.8072289156626509
88.6031042128603,2.008032128514059
88.6031042128603,1.4056224899598346
88.80266075388028,1.8072289156626509
88.80266075388028,2.008032128514059
88.80266075388028,1.6064257028112428
88.80266075388028,1.4056224899598346
89.00221729490022,1.4056224899598346
89.00221729490022,2.008032128514059
89.00221729490022,1.6064257028112428
89.00221729490022,1.8072289156626509
89.20177383592019,1.6064257028112428
89.20177383592019,1.8072289156626509
89.20177383592019,2.008032128514059
89.20177383592019,1.4056224899598346
89.40133037694014,1.6064257028112428
89.40133037694014,1.8072289156626509
89.40133037694014,2.008032128514059
89.40133037694014,1.4056224899598346
89.60088691796008,1.6064257028112428
89.60088691796008,1.8072289156626509
89.60088691796008,1.4056224899598346
89.60088691796008,2.008032128514059
89.80044345898006,1.4056224899598346
89.80044345898006,2.008032128514059
89.80044345898006,1.8072289156626509
89.80044345898006,1.6064257028112428
89.80044345898006,1.2048192771084376
